-- phpMyAdmin SQL Dump
-- version 5.2.1
-- https://www.phpmyadmin.net/
--
-- Host: 127.0.0.1
-- Generation Time: Feb 23, 2025 at 02:41 PM
-- Server version: 10.4.32-MariaDB
-- PHP Version: 8.2.12

SET SQL_MODE = "NO_AUTO_VALUE_ON_ZERO";
START TRANSACTION;
SET time_zone = "+00:00";


/*!40101 SET @OLD_CHARACTER_SET_CLIENT=@@CHARACTER_SET_CLIENT */;
/*!40101 SET @OLD_CHARACTER_SET_RESULTS=@@CHARACTER_SET_RESULTS */;
/*!40101 SET @OLD_COLLATION_CONNECTION=@@COLLATION_CONNECTION */;
/*!40101 SET NAMES utf8mb4 */;

--
-- Database: `campman`
--

-- --------------------------------------------------------

--
-- Table structure for table `campuses`
--

CREATE TABLE `campuses` (
  `campid` int(11) NOT NULL,
  `campname` varchar(30) NOT NULL,
  `campaddress` varchar(100) NOT NULL,
  `camp1` int(11) NOT NULL,
  `camp2` int(11) NOT NULL,
  `camp3` int(11) NOT NULL,
  `camp4` int(11) NOT NULL,
  `camp5` int(11) NOT NULL,
  `campvoid` int(1) NOT NULL
) ENGINE=InnoDB DEFAULT CHARSET=latin1 COLLATE=latin1_swedish_ci;

--
-- Dumping data for table `campuses`
--

INSERT INTO `campuses` (`campid`, `campname`, `campaddress`, `camp1`, `camp2`, `camp3`, `camp4`, `camp5`, `campvoid`) VALUES
(1, 'ISULAN', 'Kalawag II, Isulan, Sultan Kudarat', 0, 0, 0, 0, 0, 0),
(2, 'TACURONG', 'Tacurong Ciry, Sultan Kudarat', 0, 0, 0, 0, 0, 0);

-- --------------------------------------------------------

--
-- Table structure for table `classrooms`
--

CREATE TABLE `classrooms` (
  `roomid` int(11) NOT NULL,
  `campid` int(11) NOT NULL,
  `roomnumber` varchar(20) NOT NULL,
  `roomdescription` varchar(100) NOT NULL,
  `room1` int(11) DEFAULT NULL,
  `room2` int(11) DEFAULT NULL,
  `room3` int(11) DEFAULT NULL,
  `room4` int(11) DEFAULT NULL,
  `roomvoid` int(1) DEFAULT NULL
) ENGINE=InnoDB DEFAULT CHARSET=latin1 COLLATE=latin1_swedish_ci;

--
-- Dumping data for table `classrooms`
--

INSERT INTO `classrooms` (`roomid`, `campid`, `roomnumber`, `roomdescription`, `room1`, `room2`, `room3`, `room4`, `roomvoid`) VALUES
(1, 1, '521', 'Engineering Building', 0, 0, 0, 0, 0),
(2, 1, '522', 'Engineering Building', 0, 0, 0, 0, 0),
(3, 1, '523', 'Engineering Building', 0, 0, 0, 0, 0),
(4, 1, '511', 'Engineering Building', 0, 0, 0, 0, 0),
(5, 1, '512', 'Engineering Building', 0, 0, 0, 0, 0),
(7, 1, '514', 'Engineering Building', 0, 0, 0, 0, 0),
(8, 1, '515', 'Engineering Building', 0, 0, 0, 0, 0),
(9, 1, '524', 'Engineering Building', 0, 0, 0, 0, 0),
(10, 1, '525', 'Engineering Building', 0, 0, 0, 0, 0),
(11, 1, '526', 'Engineering Building', 0, 0, 0, 0, 0),
(12, 1, '527', 'Engineering Building', 0, 0, 0, 0, 0),
(13, 1, '501', 'Engineering Building', 0, 0, 0, 0, 0),
(14, 1, '502', 'Engineering Building', 0, 0, 0, 0, 0),
(15, 1, 'SBLR', 'Science Building', 0, 0, 0, 0, 0),
(16, 1, 'Chem Lab', 'Science Building', 0, 0, 0, 0, 0),
(17, 1, 'Phys Lab', 'Science Building', 0, 0, 0, 0, 0),
(18, 1, 'GYM 1', 'GYM', 0, 0, 0, 0, 0),
(19, 1, 'CE Lab', 'CE Lab', 0, 0, 0, 0, 0),
(20, 1, 'UTM Lab', 'UTM Lab', 0, 0, 0, 0, 0),
(26, 2, '123', 'Tacurong Campus Bulding', NULL, NULL, NULL, NULL, NULL);

-- --------------------------------------------------------

--
-- Table structure for table `colleges`
--

CREATE TABLE `colleges` (
  `collid` int(11) NOT NULL,
  `campid` int(11) NOT NULL,
  `collname` varchar(100) NOT NULL,
  `colldean` int(11) DEFAULT NULL,
  `coll2` int(11) DEFAULT NULL,
  `coll3` int(11) DEFAULT NULL,
  `coll4` int(11) DEFAULT NULL,
  `coll5` int(11) DEFAULT NULL,
  `collvoid` int(1) DEFAULT NULL
) ENGINE=InnoDB DEFAULT CHARSET=latin1 COLLATE=latin1_swedish_ci;

--
-- Dumping data for table `colleges`
--

INSERT INTO `colleges` (`collid`, `campid`, `collname`, `colldean`, `coll2`, `coll3`, `coll4`, `coll5`, `collvoid`) VALUES
(1, 1, 'College of Engineering', 0, 0, 0, 0, 0, 0),
(7, 2, 'Sample College', NULL, NULL, NULL, NULL, NULL, NULL);

-- --------------------------------------------------------

--
-- Table structure for table `curriculums`
--

CREATE TABLE `curriculums` (
  `curid` int(11) NOT NULL,
  `progid` int(11) NOT NULL,
  `currevised` int(11) NOT NULL,
  `cur1` int(11) NOT NULL,
  `cur2` int(11) NOT NULL,
  `cur3` int(11) NOT NULL,
  `cur4` int(11) NOT NULL,
  `cur5` int(11) NOT NULL,
  `curvoid` int(1) NOT NULL
) ENGINE=InnoDB DEFAULT CHARSET=latin1 COLLATE=latin1_swedish_ci;

-- --------------------------------------------------------

--
-- Table structure for table `designations`
--

CREATE TABLE `designations` (
  `desigid` int(11) NOT NULL,
  `designame` varchar(30) NOT NULL,
  `desigload` int(1) NOT NULL,
  `desig1` int(11) NOT NULL DEFAULT 0,
  `desig2` int(11) NOT NULL DEFAULT 0,
  `desig3` int(11) NOT NULL DEFAULT 0,
  `desig4` int(11) NOT NULL DEFAULT 0,
  `desig5` int(11) NOT NULL DEFAULT 0,
  `desigvoid` int(1) NOT NULL DEFAULT 0
) ENGINE=InnoDB DEFAULT CHARSET=latin1 COLLATE=latin1_swedish_ci;

--
-- Dumping data for table `designations`
--

INSERT INTO `designations` (`desigid`, `designame`, `desigload`, `desig1`, `desig2`, `desig3`, `desig4`, `desig5`, `desigvoid`) VALUES
(1, 'Superuser', 0, 0, 0, 0, 0, 0, 0),
(2, 'Administrator', 0, 0, 0, 0, 0, 0, 0),
(3, 'President', 0, 0, 0, 0, 0, 0, 0),
(4, 'HR Head', 0, 0, 0, 0, 0, 0, 0),
(5, 'Campus Director', 12, 0, 0, 0, 0, 0, 0),
(6, 'College Dean', 9, 0, 0, 0, 0, 0, 0),
(7, 'Program Chairman', 6, 0, 0, 0, 0, 0, 0),
(8, 'Faculty', 0, 0, 0, 0, 0, 0, 0);

-- --------------------------------------------------------

--
-- Table structure for table `employees`
--

CREATE TABLE `employees` (
  `empid` int(11) NOT NULL,
  `desigid` int(11) NOT NULL,
  `emplname` varchar(30) NOT NULL,
  `empfname` varchar(30) NOT NULL,
  `empmname` varchar(30) NOT NULL,
  `empspecialization` varchar(100) NOT NULL,
  `officeid` int(11) NOT NULL,
  `empext` varchar(20) NOT NULL,
  `empdesignation` varchar(50) NOT NULL,
  `emploaddisplacement` int(11) NOT NULL,
  `emp5` int(11) NOT NULL,
  `empvoid` int(1) NOT NULL
) ENGINE=InnoDB DEFAULT CHARSET=latin1 COLLATE=latin1_swedish_ci;

--
-- Dumping data for table `employees`
--

INSERT INTO `employees` (`empid`, `desigid`, `emplname`, `empfname`, `empmname`, `empspecialization`, `officeid`, `empext`, `empdesignation`, `emploaddisplacement`, `emp5`, `empvoid`) VALUES
(1, 2, 'ORIA', 'CHARITY', 'P', 'CoE', 0, 'ME-CoE', '0', 0, 0, 0),
(2, 7, 'CATAJAY', 'LENMAR', 'TRAVILLA', 'CoE', 1, 'ME-CoE', '0', 0, 0, 0),
(3, 2, 'BUENAVIDES', 'JADE', 'ABING', 'Computer Engineering', 0, '0', '0', 0, 0, 0),
(4, 2, 'ESPINOSA', 'LOWELL', 'D', 'Computer Engineering', 0, 'MEP-ECE', '0', 0, 0, 0),
(5, 2, 'APELLIDO', 'EULOGIO', 'E', 'Mechanical Engineering', 0, 'MIT', '0', 0, 0, 0),
(6, 2, 'NOTA', 'CELIA ROSE', 'J', 'Computer Engineering', 0, '0', '0', 0, 0, 0),
(7, 2, 'PACLIBAR', 'MEILAFLOR', 'A', 'Computer Engineering', 6, 'MEP-CoE', '0', 0, 0, 0),
(8, 2, 'PANAGDATO', 'PERCILA', 'M', 'Computer Engineering', 0, '0', '0', 0, 0, 0),
(9, 2, 'REMEGIO', 'ALEX', 'N', 'Computer Engineering', 0, 'MEP-ECE', '0', 0, 0, 0),
(10, 2, 'BARAQUIA', 'NOEL', 'H', 'Civil Engineering', 0, '0', '0', 0, 0, 0),
(11, 2, 'LAGUMEN', 'ROMMEL', 'M', 'Civil Engineering', 0, 'PhD', '0', 0, 0, 0),
(12, 2, 'MAGBANUA', 'MARY LYNN', 'G', 'Civil Engineering', 0, 'PhD', '0', 0, 0, 0),
(13, 7, 'SARAñA', 'DENAFEL', 'C', 'Civil Engineering', 2, '0', '0', 0, 0, 0),
(14, 2, 'SOLOMON', 'RODOLFO', 'B', 'Civil Engineering', 0, '0', '0', 0, 0, 0),
(15, 2, 'ALIGARBES', 'RAFAEL', 'A', 'Civil Engineering', 0, '0', '0', 0, 0, 0),
(16, 2, 'EVANGELISTA', 'IVAN ROY', 'S', 'Civil Engineering', 0, 'MECE', '0', 0, 0, 0),
(17, 2, 'VILLANUEVA', 'NOEL', 'X', 'Electrical Engineering', 0, 'MEP-EE', '0', 0, 0, 0),
(18, 2, 'LANDERO', 'MEREDY', 'C', 'BSE/BSEED - Filipino, MA - Educ. Mgt. ', 0, '0', '0', 0, 0, 0),
(19, 2, 'LOSAñES', 'SUSAN', 'P', 'BSE – MAT-PE', 0, '0', '0', 0, 0, 0),
(20, 2, 'MAGBANUA', 'ALVIN', 'X', 'MAT-PE', 0, '0', '0', 0, 0, 0),
(21, 2, 'QUILLA', 'EDEN', 'R', 'ABBSE, S-Peace and Development', 0, '0', '0', 0, 0, 0),
(22, 2, 'RIZALDO', 'ROSITA', 'T', 'BSECE, MIT, PhD -IM', 0, '0', '0', 0, 0, 0),
(23, 2, 'SUBILLAGA', 'REBECCA', 'D', 'AB ENGLISH, PhD', 0, '0', '0', 0, 0, 0),
(24, 2, 'WAWA', 'MARYBETH', 'X', 'Course', 0, '0', '0', 0, 0, 0),
(25, 2, 'GALLANO', 'MAY', 'X', 'PE', 0, '0', '0', 0, 0, 0),
(26, 2, 'NECOR', 'DEXTER', 'C', 'BSE-Chemistry', 0, '0', '0', 0, 0, 0),
(27, 2, 'PANGSAYAN', 'SARIP', ' ', 'BSEd-MAPEH,MAT-PE', 0, '0', '0', 0, 0, 0),
(28, 2, 'CARNAZO', 'MARY JOY', 'C', 'X', 0, '0', '0', 0, 0, 0),
(29, 2, 'TAMPUS', 'DOREEN', 'X', 'X', 0, '0', '0', 0, 0, 0),
(30, 2, 'PARTTIME', 'A', 'A', 'A', 0, '0', '0', 0, 0, 0),
(31, 2, 'ARRIVAS', 'DEBBIE JOY', 'LESONDRA', 'Architectural Drafting', 0, '0', '0', 0, 0, 0),
(32, 2, 'CE', 'INSTRUCTOR', '1', 'CE', 0, '0', '0', 0, 0, 0),
(33, 2, 'CE', 'INSTRUCTOR', '2', 'CE', 0, '0', '0', 0, 0, 0),
(34, 2, 'FILIPINO PARTTIME A', 'X', 'X', 'x', 0, '0', '0', 0, 0, 0),
(35, 2, 'BACONGCO', 'MAILYN', 'M', 'ME-CoE', 0, '0', '0', 0, 0, 0),
(36, 2, 'LAVILLES', 'CHARMAGNE', 'Z', 'Filipino', 0, '0', '0', 0, 0, 0),
(37, 2, 'ARMADA', 'AMY', 'A', 'Filipino', 0, '0', '0', 0, 0, 0),
(38, 2, 'BOGLOSA', 'CHRISTIAN JOHN', 'A', 'CE', 0, '0', '0', 0, 0, 0),
(39, 2, 'GALLO', 'ALEXES', 'N', 'ECE', 0, '0', '0', 0, 0, 0);

-- --------------------------------------------------------

--
-- Table structure for table `employees2`
--

CREATE TABLE `employees2` (
  `empid` int(11) NOT NULL,
  `campid` int(11) NOT NULL,
  `desigid` int(11) NOT NULL,
  `emplname` varchar(30) NOT NULL,
  `empfname` varchar(30) NOT NULL,
  `empmname` varchar(30) NOT NULL,
  `empspecialization` varchar(100) NOT NULL,
  `officeid` int(11) NOT NULL,
  `empext` varchar(20) NOT NULL,
  `empdesignation` varchar(50) NOT NULL,
  `emploaddisplacement` int(11) NOT NULL,
  `emp5` int(11) NOT NULL,
  `empvoid` int(1) NOT NULL,
  `emp_email` varchar(100) NOT NULL,
  `emp_employment_status` varchar(20) NOT NULL
) ENGINE=InnoDB DEFAULT CHARSET=latin1 COLLATE=latin1_swedish_ci;

--
-- Dumping data for table `employees2`
--

INSERT INTO `employees2` (`empid`, `campid`, `desigid`, `emplname`, `empfname`, `empmname`, `empspecialization`, `officeid`, `empext`, `empdesignation`, `emploaddisplacement`, `emp5`, `empvoid`, `emp_email`, `emp_employment_status`) VALUES
(1, 0, 2, 'ORIA', 'CHARITY', 'P', 'CoE', 0, 'ME-CoE', '0', 0, 0, 0, '', ''),
(2, 1, 7, 'CATAJAY', 'LENMAR', 'TRAVILLA', 'CoE', 1, 'ME-CoE', 'Dean, College of Engineering', 0, 0, 0, 'lenmarcatajay@gmail.com', 'Permanent'),
(3, 0, 2, 'BUENAVIDES', 'JADE', 'ABING', 'Computer Engineering', 0, '0', '0', 0, 0, 0, '', ''),
(4, 0, 2, 'ESPINOSA', 'LOWELL', 'D', 'Computer Engineering', 0, 'MEP-ECE', '0', 0, 0, 0, '', ''),
(5, 0, 2, 'APELLIDO', 'EULOGIO', 'E', 'Mechanical Engineering', 0, 'MIT', '0', 0, 0, 0, '', ''),
(6, 0, 2, 'NOTA', 'CELIA ROSE', 'J', 'Computer Engineering', 0, '0', '0', 0, 0, 0, '', ''),
(7, 0, 2, 'PACLIBAR', 'MEILAFLOR', 'A', 'Computer Engineering', 6, 'MEP-CoE', '0', 0, 0, 0, '', ''),
(8, 0, 2, 'PANAGDATO', 'PERCILA', 'M', 'Computer Engineering', 0, '0', '0', 0, 0, 0, '', ''),
(9, 0, 2, 'REMEGIO', 'ALEX', 'N', 'Computer Engineering', 0, 'MEP-ECE', '0', 0, 0, 0, '', ''),
(10, 0, 2, 'BARAQUIA', 'NOEL', 'H', 'Civil Engineering', 0, '0', '0', 0, 0, 0, '', ''),
(11, 0, 2, 'LAGUMEN', 'ROMMEL', 'M', 'Civil Engineering', 0, 'PhD', '0', 0, 0, 0, '', ''),
(12, 0, 2, 'MAGBANUA', 'MARY LYNN', 'G', 'Civil Engineering', 0, 'PhD', '0', 0, 0, 0, '', ''),
(13, 0, 7, 'SARAñA', 'DENAFEL', 'C', 'Civil Engineering', 2, '0', '0', 0, 0, 0, '', ''),
(14, 0, 2, 'SOLOMON', 'RODOLFO', 'B', 'Civil Engineering', 0, '0', '0', 0, 0, 0, '', ''),
(15, 0, 2, 'ALIGARBES', 'RAFAEL', 'A', 'Civil Engineering', 0, '0', '0', 0, 0, 0, '', ''),
(16, 0, 2, 'EVANGELISTA', 'IVAN ROY', 'S', 'Civil Engineering', 0, 'MECE', '0', 0, 0, 0, '', ''),
(17, 0, 2, 'VILLANUEVA', 'NOEL', 'X', 'Electrical Engineering', 0, 'MEP-EE', '0', 0, 0, 0, '', ''),
(18, 0, 2, 'LANDERO', 'MEREDY', 'C', 'BSE/BSEED - Filipino, MA - Educ. Mgt. ', 0, '0', '0', 0, 0, 0, '', ''),
(19, 0, 2, 'LOSAñES', 'SUSAN', 'P', 'BSE – MAT-PE', 0, '0', '0', 0, 0, 0, '', ''),
(20, 0, 2, 'MAGBANUA', 'ALVIN', 'X', 'MAT-PE', 0, '0', '0', 0, 0, 0, '', ''),
(21, 0, 2, 'QUILLA', 'EDEN', 'R', 'ABBSE, S-Peace and Development', 0, '0', '0', 0, 0, 0, '', ''),
(22, 0, 2, 'RIZALDO', 'ROSITA', 'T', 'BSECE, MIT, PhD -IM', 0, '0', '0', 0, 0, 0, '', ''),
(23, 0, 2, 'SUBILLAGA', 'REBECCA', 'D', 'AB ENGLISH, PhD', 0, '0', '0', 0, 0, 0, '', ''),
(24, 0, 2, 'WAWA', 'MARYBETH', 'X', 'Course', 0, '0', '0', 0, 0, 0, '', ''),
(25, 0, 2, 'GALLANO', 'MAY', 'X', 'PE', 0, '0', '0', 0, 0, 0, '', ''),
(26, 0, 2, 'NECOR', 'DEXTER', 'C', 'BSE-Chemistry', 0, '0', '0', 0, 0, 0, '', ''),
(27, 0, 2, 'PANGSAYAN', 'SARIP', ' ', 'BSEd-MAPEH,MAT-PE', 0, '0', '0', 0, 0, 0, '', ''),
(28, 0, 2, 'CARNAZO', 'MARY JOY', 'C', 'X', 0, '0', '0', 0, 0, 0, '', ''),
(29, 0, 2, 'TAMPUS', 'DOREEN', 'X', 'X', 0, '0', '0', 0, 0, 0, '', ''),
(30, 0, 2, 'PARTTIME', 'A', 'A', 'A', 0, '0', '0', 0, 0, 0, '', ''),
(31, 0, 2, 'ARRIVAS', 'DEBBIE JOY', 'LESONDRA', 'Architectural Drafting', 0, '0', '0', 0, 0, 0, '', ''),
(32, 0, 2, 'CE', 'INSTRUCTOR', '1', 'CE', 0, '0', '0', 0, 0, 0, '', ''),
(33, 0, 2, 'CE', 'INSTRUCTOR', '2', 'CE', 0, '0', '0', 0, 0, 0, '', ''),
(34, 0, 2, 'FILIPINO PARTTIME A', 'X', 'X', 'x', 0, '0', '0', 0, 0, 0, '', ''),
(35, 0, 2, 'BACONGCO', 'MAILYN', 'M', 'ME-CoE', 0, '0', '0', 0, 0, 0, '', ''),
(36, 0, 2, 'LAVILLES', 'CHARMAGNE', 'Z', 'Filipino', 0, '0', '0', 0, 0, 0, '', ''),
(37, 0, 2, 'ARMADA', 'AMY', 'A', 'Filipino', 0, '0', '0', 0, 0, 0, '', ''),
(38, 0, 2, 'BOGLOSA', 'CHRISTIAN JOHN', 'A', 'CE', 0, '0', '0', 0, 0, 0, '', ''),
(39, 0, 2, 'GALLO', 'ALEXES', 'N', 'ECE', 0, '0', '0', 0, 0, 0, '', '');

-- --------------------------------------------------------

--
-- Table structure for table `employee_campus`
--

CREATE TABLE `employee_campus` (
  `empcampid` int(11) NOT NULL,
  `empid` int(11) NOT NULL,
  `campid` int(11) NOT NULL,
  `empcamp1` int(11) NOT NULL,
  `empcamp2` int(11) NOT NULL,
  `empcamp3` int(11) NOT NULL,
  `empcamp4` int(11) NOT NULL,
  `empcamp5` int(11) NOT NULL,
  `empcampvoid` int(11) NOT NULL
) ENGINE=InnoDB DEFAULT CHARSET=latin1 COLLATE=latin1_swedish_ci;

--
-- Dumping data for table `employee_campus`
--

INSERT INTO `employee_campus` (`empcampid`, `empid`, `campid`, `empcamp1`, `empcamp2`, `empcamp3`, `empcamp4`, `empcamp5`, `empcampvoid`) VALUES
(1, 1, 1, 0, 0, 0, 0, 0, 0),
(2, 2, 1, 0, 0, 0, 0, 0, 0),
(3, 3, 1, 0, 0, 0, 0, 0, 0),
(4, 4, 1, 0, 0, 0, 0, 0, 0),
(5, 5, 1, 0, 0, 0, 0, 0, 0),
(6, 6, 1, 0, 0, 0, 0, 0, 0),
(7, 7, 1, 0, 0, 0, 0, 0, 0),
(8, 8, 1, 0, 0, 0, 0, 0, 0),
(9, 9, 1, 0, 0, 0, 0, 0, 0),
(10, 10, 1, 0, 0, 0, 0, 0, 0),
(11, 11, 1, 0, 0, 0, 0, 0, 0),
(12, 12, 1, 0, 0, 0, 0, 0, 0),
(13, 13, 1, 0, 0, 0, 0, 0, 0),
(14, 14, 1, 0, 0, 0, 0, 0, 0),
(15, 15, 1, 0, 0, 0, 0, 0, 0),
(16, 16, 1, 0, 0, 0, 0, 0, 0),
(17, 17, 1, 0, 0, 0, 0, 0, 0),
(18, 18, 1, 0, 0, 0, 0, 0, 0),
(19, 19, 1, 0, 0, 0, 0, 0, 0),
(20, 20, 1, 0, 0, 0, 0, 0, 0),
(21, 21, 1, 0, 0, 0, 0, 0, 0),
(22, 22, 1, 0, 0, 0, 0, 0, 0),
(23, 23, 1, 0, 0, 0, 0, 0, 0),
(24, 24, 1, 0, 0, 0, 0, 0, 0),
(25, 25, 1, 0, 0, 0, 0, 0, 0),
(26, 26, 1, 0, 0, 0, 0, 0, 0),
(27, 27, 1, 0, 0, 0, 0, 0, 0),
(28, 28, 1, 0, 0, 0, 0, 0, 0),
(29, 29, 1, 0, 0, 0, 0, 0, 0),
(30, 30, 1, 0, 0, 0, 0, 0, 0),
(31, 31, 1, 0, 0, 0, 0, 0, 0),
(32, 32, 1, 0, 0, 0, 0, 0, 0),
(33, 33, 1, 0, 0, 0, 0, 0, 0),
(34, 34, 1, 0, 0, 0, 0, 0, 0),
(35, 35, 1, 0, 0, 0, 0, 0, 0),
(36, 36, 1, 0, 0, 0, 0, 0, 0),
(37, 37, 1, 0, 0, 0, 0, 0, 0),
(38, 38, 1, 0, 0, 0, 0, 0, 0),
(39, 39, 1, 0, 0, 0, 0, 0, 0);

-- --------------------------------------------------------

--
-- Table structure for table `employee_education`
--

CREATE TABLE `employee_education` (
  `emp_edu_id` int(11) NOT NULL,
  `empid` int(11) NOT NULL,
  `emp_edu_degree` varchar(20) NOT NULL,
  `emp_edu_title` varchar(100) NOT NULL,
  `emp_edu_school` varchar(100) NOT NULL,
  `emp_edu_status` varchar(20) NOT NULL,
  `emp_edu_date_graduated` datetime DEFAULT NULL
) ENGINE=InnoDB DEFAULT CHARSET=utf8mb4 COLLATE=utf8mb4_general_ci;

--
-- Dumping data for table `employee_education`
--

INSERT INTO `employee_education` (`emp_edu_id`, `empid`, `emp_edu_degree`, `emp_edu_title`, `emp_edu_school`, `emp_edu_status`, `emp_edu_date_graduated`) VALUES
(1, 2, 'Bachelor', 'Bachelor of Science in Computer Engineering', 'Sultan Kudarat State University', 'Graduate', '2018-04-27 07:50:27'),
(2, 2, 'Master', 'asd', 'asd', 'On-going', '1970-01-01 00:00:00');

-- --------------------------------------------------------

--
-- Table structure for table `facultyloads`
--

CREATE TABLE `facultyloads` (
  `loadid` int(11) NOT NULL,
  `workid` int(11) NOT NULL,
  `prosid` int(11) NOT NULL,
  `collid` int(11) NOT NULL,
  `progid` int(11) NOT NULL,
  `empid` int(11) NOT NULL,
  `tbid` int(11) NOT NULL,
  `loadday` varchar(11) NOT NULL,
  `loadtimestart` varchar(5) NOT NULL,
  `loadtimeend` varchar(5) NOT NULL,
  `roomid` int(11) NOT NULL,
  `loadsection` varchar(10) NOT NULL,
  `loadvoid` int(1) NOT NULL
) ENGINE=InnoDB DEFAULT CHARSET=latin1 COLLATE=latin1_swedish_ci;

--
-- Dumping data for table `facultyloads`
--

INSERT INTO `facultyloads` (`loadid`, `workid`, `prosid`, `collid`, `progid`, `empid`, `tbid`, `loadday`, `loadtimestart`, `loadtimeend`, `roomid`, `loadsection`, `loadvoid`) VALUES
(11, 2, 4, 1, 0, 15, 0, '', '', '', 0, '1A', 0),
(12, 2, 3, 1, 0, 15, 0, '', '', '', 0, '1A', 0),
(13, 2, 1, 1, 0, 15, 0, 'MWF', '0800', '0900', 2, '1B', 0),
(14, 2, 2, 1, 0, 2, 0, 'TTh', '0730', '1200', 3, '1A', 0),
(15, 2, 5, 1, 0, 2, 0, 'MWF', '0800', '0900', 1, '1A', 0),
(17, 2, 12, 1, 0, 11, 0, 'TTh', '0730', '1030', 1, '1A', 0),
(18, 2, 4, 1, 0, 16, 0, 'MF', '0300', '0430', 3, '1B', 0),
(19, 2, 11, 1, 0, 2, 0, 'MWF', '0800', '0900', 2, '2A', 0),
(20, 2, 6, 1, 0, 11, 0, 'MWF', '0900', '1000', 3, '1A', 0),
(23, 5, 5, 1, 1, 3, 0, '', '', '', 0, '1A', 0),
(24, 5, 57, 1, 2, 3, 0, '', '', '', 0, '1A', 0),
(25, 5, 57, 1, 2, 3, 0, '', '', '', 0, '1B', 0),
(26, 5, 7, 1, 1, 3, 0, '', '', '', 0, '1A', 0),
(29, 5, 61, 1, 2, 10, 0, '', '', '', 0, '1A', 0),
(30, 5, 61, 1, 2, 10, 0, '', '', '', 0, '1B', 0),
(31, 5, 69, 1, 2, 10, 0, '', '', '', 0, '2A', 0),
(32, 5, 69, 1, 2, 10, 0, '', '', '', 0, '2B', 0),
(33, 5, 1, 1, 1, 2, 0, '', '', '', 0, '1A', 0),
(34, 5, 32, 1, 3, 35, 0, '', '', '', 0, '4A', 0),
(36, 5, 2, 1, 1, 16, 0, '', '', '', 0, '1A', 0),
(40, 5, 6, 1, 1, 4, 0, '', '', '', 0, '1A', 0),
(41, 5, 58, 1, 2, 4, 0, 'TTh', '0730', '0900', 4, '1A', 0),
(42, 5, 58, 1, 2, 4, 0, 'TTh', '0900', '1030', 5, '1B', 0),
(43, 5, 11, 1, 1, 4, 0, 'TTh', '0100', '0230', 0, '2A', 0),
(46, 5, 68, 1, 2, 11, 0, '', '', '', 0, '2A', 0),
(47, 5, 68, 1, 2, 11, 0, '', '', '', 0, '2B', 0),
(48, 5, 45, 1, 4, 11, 0, '', '', '', 0, '4A', 0),
(51, 5, 18, 1, 1, 36, 0, '', '', '', 0, '2A', 0),
(52, 5, 62, 1, 2, 37, 0, '', '', '', 0, '1A', 0),
(53, 5, 62, 1, 2, 37, 0, '', '', '', 0, '1B', 0),
(54, 5, 8, 1, 1, 20, 0, '', '', '', 0, '1A', 0),
(55, 5, 48, 1, 4, 12, 0, 'TTh', '1030', '1200', 0, '4A', 0),
(58, 5, 31, 1, 3, 6, 0, '', '', '', 0, '4A', 0),
(59, 5, 40, 1, 3, 6, 0, '', '', '', 0, '5A', 0),
(60, 5, 43, 1, 3, 35, 0, '', '', '', 0, '5A', 0),
(61, 5, 3, 1, 1, 26, 0, '', '', '', 0, '1A', 0),
(62, 5, 59, 1, 2, 26, 0, 'TTh', '0900', '1030', 16, '1A', 0),
(63, 5, 59, 1, 2, 26, 0, 'TTh', '0730', '0900', 16, '1B', 0),
(64, 5, 20, 1, 1, 12, 0, '', '', '', 0, '2A', 0),
(65, 5, 38, 1, 3, 7, 0, '', '', '', 0, '5A', 0),
(66, 5, 50, 1, 4, 7, 0, '', '', '', 0, '4A', 0),
(67, 5, 4, 1, 1, 8, 0, '', '', '', 0, '1A', 0),
(68, 5, 37, 1, 3, 8, 0, '', '', '', 0, '4A', 0),
(69, 5, 35, 1, 3, 8, 0, '', '', '', 0, '4A', 0),
(70, 5, 39, 1, 3, 8, 0, '', '', '', 0, '5A', 0),
(71, 5, 36, 1, 3, 8, 0, '', '', '', 0, '4A', 0),
(73, 5, 21, 1, 1, 20, 0, '', '', '', 0, '2A', 0),
(74, 5, 60, 1, 2, 21, 0, '', '', '', 0, '1A', 0),
(75, 5, 60, 1, 2, 21, 0, '', '', '', 0, '1B', 0),
(76, 5, 73, 1, 2, 21, 0, '', '', '', 0, '2A', 0),
(77, 5, 73, 1, 2, 21, 0, '', '', '', 0, '2B', 0),
(80, 5, 15, 1, 1, 9, 0, '', '', '', 0, '2A', 0),
(81, 5, 41, 1, 3, 9, 0, '', '', '', 0, '5A', 0),
(82, 5, 42, 1, 3, 9, 0, '', '', '', 0, '5A', 0),
(83, 5, 34, 1, 3, 39, 0, '', '', '', 0, '4A', 0),
(84, 5, 46, 1, 4, 13, 0, '', '', '', 0, '4A', 0),
(85, 5, 53, 1, 4, 13, 0, '', '', '', 0, '5A', 0),
(89, 5, 65, 1, 2, 14, 0, 'TTh', '0730', '0900', 0, '2A', 0),
(90, 5, 65, 1, 2, 14, 0, 'TTh', '0900', '1030', 0, '2B', 0),
(93, 5, 47, 1, 4, 14, 0, '', '', '', 0, '4A', 0),
(94, 5, 70, 1, 2, 23, 0, '', '', '', 0, '2A', 0),
(95, 5, 70, 1, 2, 23, 0, '', '', '', 0, '2B', 0),
(96, 5, 17, 1, 1, 17, 0, '', '', '', 0, '2A', 0),
(97, 5, 33, 1, 3, 16, 0, '', '', '', 0, '4A', 0),
(98, 5, 27, 1, 1, 16, 0, '', '', '', 0, '3A', 0),
(99, 5, 28, 1, 1, 16, 0, '', '', '', 0, '3A', 0),
(100, 5, 24, 1, 1, 1, 0, '', '', '', 0, '3A', 0),
(103, 5, 25, 1, 1, 1, 0, '', '', '', 0, '3A', 0),
(105, 5, 14, 1, 1, 9, 0, '', '', '', 0, '2A', 0),
(106, 5, 30, 1, 1, 1, 0, '', '', '', 0, '3A', 0),
(107, 5, 23, 1, 1, 1, 0, '', '', '', 0, '3A', 0),
(110, 5, 26, 1, 1, 1, 0, '', '', '', 0, '3A', 0),
(111, 5, 22, 1, 1, 28, 0, '', '', '', 0, '3A', 0),
(112, 5, 44, 1, 4, 38, 0, '', '', '', 0, '4A', 0),
(113, 5, 12, 1, 2, 16, 0, '', '', '', 0, '1A', 0),
(114, 5, 12, 1, 2, 14, 0, '', '', '', 0, '1B', 0),
(115, 5, 63, 1, 2, 20, 0, '', '', '', 0, '1A', 0),
(117, 5, 63, 1, 2, 19, 0, '', '', '', 0, '1B', 0),
(118, 5, 67, 1, 2, 22, 0, '', '', '', 0, '2A', 0),
(119, 5, 67, 1, 2, 22, 0, '', '', '', 0, '2B', 0),
(120, 5, 71, 1, 2, 28, 0, '', '', '', 0, '2A', 0),
(121, 5, 71, 1, 2, 28, 0, '', '', '', 0, '2B', 0),
(122, 5, 72, 1, 2, 12, 0, '', '', '', 0, '2A', 0),
(123, 5, 72, 1, 2, 12, 0, '', '', '', 0, '2B', 0),
(124, 5, 75, 1, 2, 19, 0, '', '', '', 0, '2A', 0),
(125, 5, 75, 1, 2, 19, 0, '', '', '', 0, '2B', 0),
(126, 5, 76, 1, 2, 38, 0, 'TTh', '0900', '1200', 8, '3A', 0),
(127, 5, 77, 1, 2, 10, 0, '', '', '', 0, '3A', 0),
(128, 5, 78, 1, 2, 17, 0, '', '', '', 0, '3A', 0),
(129, 5, 78, 1, 2, 17, 0, '', '', '', 0, '3B', 0),
(130, 5, 79, 1, 2, 5, 0, '', '', '', 0, '3A', 0),
(131, 5, 79, 1, 2, 5, 0, '', '', '', 0, '3B', 0),
(132, 5, 80, 1, 2, 38, 0, 'TTh', '0100', '0230', 0, '3A', 0),
(133, 5, 80, 1, 2, 38, 0, 'TTh', '1030', '1200', 0, '3B', 0),
(136, 5, 82, 1, 2, 29, 0, '', '', '', 0, '3A', 0),
(137, 5, 82, 1, 2, 29, 0, '', '', '', 0, '3B', 0),
(138, 5, 83, 1, 2, 12, 0, 'TTh', '0730', '0900', 0, '3A', 0),
(139, 5, 51, 1, 4, 14, 0, '', '', '', 0, '5A', 0),
(140, 5, 52, 1, 4, 11, 0, '', '', '', 0, '5A', 0),
(141, 5, 54, 1, 4, 11, 0, '', '', '', 0, '5A', 0),
(142, 5, 55, 1, 4, 11, 0, '', '', '', 0, '5A', 0),
(143, 5, 77, 1, 2, 10, 0, '', '', '', 0, '3B', 0),
(144, 5, 76, 1, 2, 38, 0, 'TTh', '0730', '0900', 0, '3B', 0),
(145, 5, 56, 1, 4, 38, 0, '', '', '', 0, '5A', 0),
(146, 5, 83, 1, 2, 12, 0, 'TTh', '0900', '1030', 0, '3B', 0),
(147, 5, 81, 1, 2, 21, 0, '', '', '', 0, '3A', 0),
(148, 5, 81, 1, 2, 21, 0, '', '', '', 0, '3B', 0),
(149, 5, 49, 1, 4, 12, 0, '', '', '', 0, '4A', 0),
(150, 5, 16, 1, 1, 8, 0, '', '', '', 0, '2A', 0),
(151, 5, 1, 1, 1, 2, 0, '', '', '', 0, '1B', 0),
(152, 5, 2, 1, 1, 16, 0, '', '', '', 0, '1B', 0),
(153, 5, 3, 1, 1, 26, 0, '', '', '', 0, '1B', 0),
(154, 5, 4, 1, 1, 8, 0, '', '', '', 0, '1B', 0),
(155, 5, 5, 1, 1, 3, 0, '', '', '', 0, '1B', 0),
(156, 5, 6, 1, 1, 4, 0, '', '', '', 0, '1B', 0),
(157, 5, 7, 1, 1, 3, 0, '', '', '', 0, '1B', 0),
(158, 5, 8, 1, 1, 20, 0, '', '', '', 0, '1B', 0),
(159, 5, 19, 1, 1, 2, 0, '', '', '', 0, '2A', 0),
(161, 5, 66, 1, 2, 13, 0, '', '', '', 0, '2A', 0),
(163, 5, 29, 1, 1, 2, 0, '', '', '', 0, '3A', 0),
(164, 5, 84, 1, 5, 16, 0, '', '', '', 0, '1A', 0),
(165, 5, 85, 1, 5, 3, 0, '', '', '', 0, '1A', 0),
(166, 5, 86, 1, 5, 5, 0, '', '', '', 0, '1A', 0),
(167, 5, 87, 1, 5, 39, 0, '', '', '', 0, '1A', 0),
(168, 5, 88, 1, 5, 20, 0, '', '', '', 0, '1A', 0),
(170, 5, 91, 1, 5, 7, 0, '', '', '', 0, '1A', 0),
(171, 5, 90, 1, 5, 36, 0, '', '', '', 0, '1A', 0),
(172, 5, 89, 1, 5, 18, 0, '', '', '', 0, '1A', 0),
(173, 5, 64, 1, 2, 18, 0, '', '', '', 0, '1A', 0),
(174, 5, 9, 1, 1, 18, 0, '', '', '', 0, '1A', 0),
(176, 6, 118, 1, 1, 3, 0, '', '', '', 0, '2A', 0),
(177, 6, 125, 1, 1, 2, 0, '', '', '', 0, '1A', 0),
(178, 6, 120, 1, 1, 4, 0, '', '', '', 0, '2A', 0),
(179, 6, 10, 1, 1, 16, 0, '', '', '', 0, '1A', 0),
(180, 6, 13, 1, 1, 8, 0, '', '', '', 0, '1A', 0),
(181, 6, 121, 1, 1, 18, 0, '', '', '', 0, '2A', 0),
(182, 6, 125, 1, 1, 2, 0, '', '', '', 0, '1B', 0),
(183, 6, 10, 1, 1, 16, 0, '', '', '', 0, '1B', 0),
(184, 6, 13, 1, 1, 8, 0, '', '', '', 0, '1B', 0),
(185, 6, 95, 1, 1, 27, 0, '', '', '', 0, '1A', 0),
(186, 6, 124, 1, 1, 27, 0, '', '', '', 0, '2A', 0),
(187, 6, 92, 1, 1, 21, 0, '', '', '', 0, '1A', 0),
(188, 6, 92, 1, 1, 21, 0, '', '', '', 0, '1B', 0),
(189, 6, 94, 1, 1, 21, 0, '', '', '', 0, '1A', 0),
(190, 6, 94, 1, 1, 21, 0, '', '', '', 0, '1B', 0),
(191, 6, 119, 1, 1, 23, 0, '', '', '', 0, '2A', 0),
(192, 6, 117, 1, 1, 4, 0, '', '', '', 0, '2A', 0),
(193, 6, 97, 1, 1, 7, 0, '', '', '', 0, '3A', 0),
(194, 6, 98, 1, 1, 6, 0, '', '', '', 0, '3A', 0),
(195, 6, 101, 1, 1, 8, 0, '', '', '', 0, '3A', 0),
(196, 6, 96, 1, 1, 18, 0, '', '', '', 0, '1A', 0),
(197, 6, 93, 1, 1, 29, 0, '', '', '', 0, '1A', 0),
(198, 6, 93, 1, 1, 29, 0, '', '', '', 0, '1B', 0),
(199, 6, 95, 1, 1, 27, 0, '', '', '', 0, '1B', 0),
(200, 6, 99, 1, 1, 1, 0, '', '', '', 0, '3A', 0),
(201, 6, 122, 1, 1, 4, 0, '', '', '', 0, '2A', 0),
(202, 6, 123, 1, 1, 28, 0, '', '', '', 0, '2A', 0),
(203, 6, 100, 1, 1, 7, 0, '', '', '', 0, '3A', 0),
(204, 6, 103, 1, 1, 1, 0, '', '', '', 0, '3A', 0),
(205, 6, 132, 1, 3, 6, 0, '', '', '', 0, '4A', 0),
(206, 6, 127, 1, 3, 1, 0, '', '', '', 0, '4A', 0),
(207, 6, 133, 1, 3, 7, 0, '', '', '', 0, '5A', 0),
(208, 6, 130, 1, 3, 4, 0, '', '', '', 0, '4A', 0),
(209, 6, 138, 1, 3, 9, 0, '', '', '', 0, '5A', 0),
(210, 6, 135, 1, 3, 8, 0, '', '', '', 0, '5A', 0),
(211, 6, 134, 1, 3, 9, 0, '', '', '', 0, '5A', 0),
(212, 6, 136, 1, 3, 9, 0, '', '', '', 0, '5A', 0),
(213, 6, 137, 1, 3, 9, 0, '', '', '', 0, '5A', 0),
(214, 6, 131, 1, 3, 22, 0, '', '', '', 0, '4A', 0),
(215, 6, 129, 1, 3, 6, 0, '', '', '', 0, '4A', 0),
(216, 6, 128, 1, 3, 1, 0, '', '', '', 0, '4A', 0),
(217, 6, 126, 1, 3, 3, 0, '', '', '', 0, '4A', 0),
(218, 6, 104, 1, 1, 2, 0, '', '', '', 0, '3A', 0),
(219, 6, 102, 1, 1, 28, 0, '', '', '', 0, '3A', 0),
(220, 6, 139, 1, 2, 23, 0, '', '', '', 0, '1A', 0),
(221, 6, 139, 1, 2, 23, 0, '', '', '', 0, '1B', 0),
(222, 6, 140, 1, 2, 29, 0, '', '', '', 0, '1A', 0),
(223, 6, 140, 1, 2, 29, 0, '', '', '', 0, '1B', 0),
(224, 6, 141, 1, 2, 14, 0, '', '', '', 0, '1A', 0),
(225, 6, 141, 1, 2, 14, 0, '', '', '', 0, '1B', 0),
(226, 6, 142, 1, 2, 5, 0, '', '', '', 0, '1A', 0),
(227, 6, 142, 1, 2, 5, 0, '', '', '', 0, '1B', 0),
(228, 6, 143, 1, 2, 39, 0, '', '', '', 0, '1A', 0),
(229, 6, 143, 1, 2, 39, 0, '', '', '', 0, '1B', 0),
(230, 6, 144, 1, 2, 3, 0, '', '', '', 0, '1A', 0),
(231, 6, 144, 1, 2, 3, 0, '', '', '', 0, '1B', 0),
(232, 6, 145, 1, 2, 37, 0, '', '', '', 0, '1A', 0),
(233, 6, 145, 1, 2, 37, 0, '', '', '', 0, '1B', 0),
(234, 6, 146, 1, 2, 27, 0, '', '', '', 0, '1A', 0),
(235, 6, 146, 1, 2, 27, 0, '', '', '', 0, '1B', 0),
(236, 6, 147, 1, 2, 18, 0, '', '', '', 0, '1A', 0),
(237, 6, 148, 1, 2, 16, 0, '', '', '', 0, '2A', 0),
(238, 6, 148, 1, 2, 16, 0, '', '', '', 0, '2B', 0),
(239, 6, 149, 1, 2, 14, 0, '', '', '', 0, '2A', 0),
(240, 6, 149, 1, 2, 14, 0, '', '', '', 0, '2B', 0),
(241, 6, 150, 1, 2, 4, 0, '', '', '', 0, '2A', 0),
(242, 6, 150, 1, 2, 4, 0, '', '', '', 0, '2B', 0),
(243, 6, 151, 1, 2, 13, 0, '', '', '', 0, '2A', 0),
(245, 6, 152, 1, 2, 14, 0, '', '', '', 0, '2A', 0),
(246, 6, 152, 1, 2, 14, 0, '', '', '', 0, '2B', 0),
(247, 6, 153, 1, 2, 29, 0, '', '', '', 0, '2A', 0),
(248, 6, 153, 1, 2, 29, 0, '', '', '', 0, '2B', 0),
(249, 6, 154, 1, 2, 21, 0, '', '', '', 0, '2A', 0),
(250, 6, 154, 1, 2, 21, 0, '', '', '', 0, '2B', 0),
(251, 6, 155, 1, 2, 10, 0, '', '', '', 0, '2A', 0),
(252, 6, 155, 1, 2, 10, 0, '', '', '', 0, '2B', 0),
(253, 6, 156, 1, 2, 27, 0, '', '', '', 0, '2A', 0),
(254, 6, 156, 1, 2, 27, 0, '', '', '', 0, '2B', 0),
(255, 6, 157, 1, 2, 12, 0, '', '', '', 0, '3A', 0),
(256, 6, 157, 1, 2, 8, 0, '', '', '', 0, '3B', 0),
(257, 6, 158, 1, 2, 10, 0, '', '', '', 0, '3A', 0),
(258, 6, 158, 1, 2, 10, 0, '', '', '', 0, '3B', 0),
(259, 6, 159, 1, 2, 11, 0, '', '', '', 0, '3A', 0),
(260, 6, 159, 1, 2, 11, 0, '', '', '', 0, '3B', 0),
(261, 6, 160, 1, 2, 11, 0, '', '', '', 0, '3A', 0),
(262, 6, 160, 1, 2, 11, 0, '', '', '', 0, '3B', 0),
(263, 6, 161, 1, 2, 12, 0, '', '', '', 0, '3A', 0),
(264, 6, 161, 1, 2, 12, 0, '', '', '', 0, '3B', 0),
(265, 6, 162, 1, 2, 13, 0, '', '', '', 0, '3A', 0),
(267, 6, 163, 1, 2, 38, 0, '', '', '', 0, '3A', 0),
(268, 6, 163, 1, 2, 38, 0, '', '', '', 0, '3B', 0),
(269, 6, 171, 1, 4, 38, 0, '', '', '', 0, '4A', 0),
(270, 6, 172, 1, 4, 11, 0, '', '', '', 0, '4A', 0),
(271, 6, 173, 1, 4, 12, 0, '', '', '', 0, '4A', 0),
(272, 6, 174, 1, 4, 13, 0, '', '', '', 0, '4A', 0),
(273, 6, 175, 1, 4, 38, 0, '', '', '', 0, '4A', 0),
(274, 6, 176, 1, 4, 12, 0, '', '', '', 0, '4A', 0),
(275, 6, 177, 1, 4, 10, 0, '', '', '', 0, '5A', 0),
(276, 6, 178, 1, 4, 10, 0, '', '', '', 0, '5A', 0),
(277, 6, 179, 1, 4, 12, 0, '', '', '', 0, '5A', 0),
(278, 6, 180, 1, 4, 12, 0, '', '', '', 0, '5A', 0),
(279, 6, 181, 1, 4, 10, 0, '', '', '', 0, '5A', 0),
(280, 6, 182, 1, 4, 38, 0, '', '', '', 0, '5A', 0),
(281, 6, 183, 1, 4, 38, 0, '', '', '', 0, '5A', 0),
(282, 6, 170, 1, 4, 17, 0, '', '', '', 0, '4A', 0),
(283, 6, 10, 1, 1, 16, 0, '', '', '', 0, '1C', 0),
(284, 6, 13, 1, 1, 26, 0, '', '', '', 0, '1C', 0),
(285, 6, 125, 1, 1, 2, 0, '', '', '', 0, '1C', 0),
(286, 6, 185, 1, 5, 16, 0, '', '', '', 0, '1A', 0),
(287, 6, 186, 1, 5, 16, 0, '', '', '', 0, '1A', 0),
(288, 6, 187, 1, 5, 26, 0, '', '', '', 0, '1A', 0),
(289, 6, 188, 1, 5, 22, 0, '', '', '', 0, '1A', 0),
(290, 6, 189, 1, 5, 39, 0, '', '', '', 0, '1A', 0),
(291, 6, 190, 1, 5, 36, 0, '', '', '', 0, '1A', 0),
(292, 6, 191, 1, 5, 27, 0, '', '', '', 0, '1A', 0),
(293, 6, 192, 1, 5, 18, 0, '', '', '', 0, '1A', 0),
(294, 6, 142, 1, 2, 26, 0, '', '', '', 0, '1C', 0),
(295, 6, 142, 1, 2, 26, 0, '', '', '', 0, '1D', 0),
(296, 6, 141, 1, 2, 14, 0, '', '', '', 0, '1C', 0),
(297, 6, 141, 1, 2, 14, 0, '', '', '', 0, '1D', 0),
(298, 7, 1, 1, 1, 2, 0, '', '', '', 0, '1A', 0),
(299, 7, 1, 1, 1, 2, 0, '', '', '', 0, '1B', 0),
(300, 7, 2, 1, 1, 16, 0, '', '', '', 0, '1A', 0),
(301, 7, 2, 1, 1, 16, 0, '', '', '', 0, '1B', 0),
(302, 7, 3, 1, 1, 26, 0, '', '', '', 0, '1A', 0),
(303, 7, 3, 1, 1, 26, 0, '', '', '', 0, '1B', 0),
(304, 7, 4, 1, 1, 8, 0, '', '', '', 0, '1A', 0),
(305, 7, 4, 1, 1, 8, 0, '', '', '', 0, '1B', 0),
(306, 7, 5, 1, 1, 3, 0, '', '', '', 0, '1A', 0),
(307, 7, 5, 1, 1, 3, 0, '', '', '', 0, '1B', 0),
(308, 7, 6, 1, 1, 4, 0, '', '', '', 0, '1A', 0),
(309, 7, 6, 1, 1, 4, 0, '', '', '', 0, '1B', 0),
(310, 7, 7, 1, 1, 3, 0, '', '', '', 0, '1A', 0),
(311, 7, 7, 1, 1, 3, 0, '', '', '', 0, '1B', 0),
(312, 7, 8, 1, 1, 20, 0, '', '', '', 0, '1A', 0),
(313, 7, 8, 1, 1, 20, 0, '', '', '', 0, '1B', 0),
(314, 7, 9, 1, 1, 18, 0, '', '', '', 0, '1A', 0),
(315, 7, 11, 1, 1, 4, 0, '', '', '', 0, '2A', 0),
(316, 7, 11, 1, 1, 4, 0, '', '', '', 0, '2B', 0),
(317, 7, 14, 1, 1, 9, 0, '', '', '', 0, '2A', 0),
(318, 7, 14, 1, 1, 9, 0, '', '', '', 0, '2B', 0),
(319, 7, 15, 1, 1, 9, 0, '', '', '', 0, '2A', 0),
(320, 7, 15, 1, 1, 9, 0, '', '', '', 0, '2B', 0),
(321, 7, 16, 1, 1, 8, 0, '', '', '', 0, '2A', 0),
(322, 7, 16, 1, 1, 8, 0, '', '', '', 0, '2B', 0),
(323, 7, 17, 1, 1, 17, 0, '', '', '', 0, '2A', 0),
(324, 7, 17, 1, 1, 17, 0, '', '', '', 0, '2B', 0),
(325, 7, 18, 1, 1, 36, 0, '', '', '', 0, '2A', 0),
(326, 7, 18, 1, 1, 36, 0, '', '', '', 0, '2B', 0),
(327, 7, 19, 1, 1, 1, 0, '', '', '', 0, '2A', 0),
(328, 7, 19, 1, 1, 1, 0, '', '', '', 0, '2B', 0),
(329, 7, 20, 1, 1, 8, 0, '', '', '', 0, '2A', 0),
(330, 7, 20, 1, 1, 8, 0, '', '', '', 0, '2B', 0),
(331, 7, 21, 1, 1, 20, 0, '', '', '', 0, '2A', 0),
(332, 7, 21, 1, 1, 20, 0, '', '', '', 0, '2B', 0),
(333, 7, 22, 1, 1, 28, 0, '', '', '', 0, '3A', 0),
(334, 7, 23, 1, 1, 1, 0, '', '', '', 0, '3A', 0),
(335, 7, 24, 1, 1, 1, 0, '', '', '', 0, '3A', 0),
(336, 7, 25, 1, 1, 39, 0, '', '', '', 0, '3A', 0),
(337, 7, 26, 1, 1, 1, 0, '', '', '', 0, '3A', 0),
(338, 7, 27, 1, 1, 16, 0, '', '', '', 0, '3A', 0),
(339, 7, 28, 1, 1, 16, 0, '', '', '', 0, '3A', 0),
(340, 7, 29, 1, 1, 3, 0, '', '', '', 0, '3A', 0),
(341, 7, 30, 1, 1, 1, 0, '', '', '', 0, '3A', 0),
(342, 7, 106, 1, 1, 6, 0, '', '', '', 0, '4A', 0),
(343, 7, 107, 1, 1, 8, 0, '', '', '', 0, '4A', 0),
(344, 7, 109, 1, 1, 7, 0, '', '', '', 0, '4A', 0),
(345, 7, 110, 1, 1, 39, 0, '', '', '', 0, '4A', 0),
(346, 7, 111, 1, 1, 21, 0, '', '', '', 0, '4A', 0),
(347, 7, 108, 1, 1, 6, 0, '', '', '', 0, '4A', 0),
(348, 7, 112, 1, 1, 6, 0, '', '', '', 0, '4A', 0),
(349, 7, 38, 1, 3, 7, 0, '', '', '', 0, '5A', 0),
(350, 7, 39, 1, 3, 8, 0, '', '', '', 0, '5A', 0),
(351, 7, 40, 1, 3, 6, 0, '', '', '', 0, '5A', 0),
(352, 7, 41, 1, 3, 3, 0, '', '', '', 0, '5A', 0),
(353, 7, 42, 1, 3, 39, 0, '', '', '', 0, '5A', 0),
(354, 7, 43, 1, 3, 7, 0, '', '', '', 0, '5A', 0),
(371, 7, 12, 1, 2, 14, 0, '', '', '', 0, '1A', 0),
(372, 7, 12, 1, 2, 14, 0, '', '', '', 0, '1B', 0),
(373, 7, 12, 1, 2, 14, 0, '', '', '', 0, '1C', 0),
(374, 7, 57, 1, 2, 32, 0, '', '', '', 0, '1A', 0),
(375, 7, 57, 1, 2, 32, 0, '', '', '', 0, '1B', 0),
(376, 7, 57, 1, 2, 32, 0, '', '', '', 0, '1C', 0),
(377, 7, 58, 1, 2, 4, 0, '', '', '', 0, '1A', 0),
(378, 7, 58, 1, 2, 4, 0, '', '', '', 0, '1B', 0),
(379, 7, 58, 1, 2, 4, 0, '', '', '', 0, '1C', 0),
(380, 7, 59, 1, 2, 26, 0, '', '', '', 0, '1A', 0),
(381, 7, 59, 1, 2, 26, 0, '', '', '', 0, '1B', 0),
(382, 7, 59, 1, 2, 26, 0, '', '', '', 0, '1C', 0),
(383, 7, 60, 1, 2, 21, 0, '', '', '', 0, '1A', 0),
(384, 7, 60, 1, 2, 21, 0, '', '', '', 0, '1B', 0),
(385, 7, 60, 1, 2, 21, 0, '', '', '', 0, '1C', 0),
(386, 7, 61, 1, 2, 10, 0, '', '', '', 0, '1A', 0),
(387, 7, 61, 1, 2, 10, 0, '', '', '', 0, '1B', 0),
(388, 7, 61, 1, 2, 10, 0, '', '', '', 0, '1C', 0),
(389, 7, 62, 1, 2, 36, 0, '', '', '', 0, '1A', 0),
(390, 7, 62, 1, 2, 36, 0, '', '', '', 0, '1B', 0),
(391, 7, 62, 1, 2, 36, 0, '', '', '', 0, '1C', 0),
(392, 7, 63, 1, 2, 27, 0, '', '', '', 0, '1A', 0),
(393, 7, 63, 1, 2, 27, 0, '', '', '', 0, '1B', 0),
(394, 7, 63, 1, 2, 27, 0, '', '', '', 0, '1C', 0),
(395, 7, 64, 1, 2, 18, 0, '', '', '', 0, '1A', 0),
(396, 7, 65, 1, 2, 14, 0, '', '', '', 0, '2A', 0),
(397, 7, 65, 1, 2, 14, 0, '', '', '', 0, '2B', 0),
(398, 7, 65, 1, 2, 14, 0, '', '', '', 0, '2C', 0),
(399, 7, 66, 1, 2, 13, 0, '', '', '', 0, '2A', 0),
(400, 7, 66, 1, 2, 13, 0, '', '', '', 0, '2B', 0),
(401, 7, 66, 1, 2, 13, 0, '', '', '', 0, '2C', 0),
(402, 7, 67, 1, 2, 17, 0, '', '', '', 0, '2A', 0),
(403, 7, 67, 1, 2, 17, 0, '', '', '', 0, '2B', 0),
(404, 7, 67, 1, 2, 17, 0, '', '', '', 0, '2C', 0),
(405, 7, 68, 1, 2, 38, 0, '', '', '', 0, '2A', 0),
(406, 7, 68, 1, 2, 38, 0, '', '', '', 0, '2B', 0),
(407, 7, 68, 1, 2, 38, 0, '', '', '', 0, '2C', 0),
(408, 7, 69, 1, 2, 10, 0, '', '', '', 0, '2A', 0),
(409, 7, 69, 1, 2, 10, 0, '', '', '', 0, '2B', 0),
(410, 7, 69, 1, 2, 10, 0, '', '', '', 0, '2C', 0),
(411, 7, 70, 1, 2, 29, 0, '', '', '', 0, '2A', 0),
(412, 7, 70, 1, 2, 29, 0, '', '', '', 0, '2B', 0),
(413, 7, 70, 1, 2, 29, 0, '', '', '', 0, '2C', 0),
(414, 7, 71, 1, 2, 37, 0, '', '', '', 0, '2A', 0),
(415, 7, 71, 1, 2, 37, 0, '', '', '', 0, '2B', 0),
(416, 7, 71, 1, 2, 37, 0, '', '', '', 0, '2C', 0),
(417, 7, 72, 1, 2, 38, 0, '', '', '', 0, '2A', 0),
(418, 7, 72, 1, 2, 38, 0, '', '', '', 0, '2B', 0),
(419, 7, 72, 1, 2, 38, 0, '', '', '', 0, '2C', 0),
(420, 7, 73, 1, 2, 21, 0, '', '', '', 0, '2A', 0),
(421, 7, 73, 1, 2, 21, 0, '', '', '', 0, '2B', 0),
(422, 7, 73, 1, 2, 21, 0, '', '', '', 0, '2C', 0),
(423, 7, 75, 1, 2, 27, 0, '', '', '', 0, '2A', 0),
(424, 7, 75, 1, 2, 27, 0, '', '', '', 0, '2B', 0),
(425, 7, 75, 1, 2, 27, 0, '', '', '', 0, '2C', 0),
(426, 7, 76, 1, 2, 32, 0, '', '', '', 0, '3A', 0),
(427, 7, 76, 1, 2, 32, 0, '', '', '', 0, '3B', 0),
(428, 7, 77, 1, 2, 10, 0, '', '', '', 0, '3A', 0),
(429, 7, 77, 1, 2, 10, 0, '', '', '', 0, '3B', 0),
(430, 7, 78, 1, 2, 5, 0, '', '', '', 0, '3A', 0),
(431, 7, 78, 1, 2, 5, 0, '', '', '', 0, '3B', 0),
(432, 7, 79, 1, 2, 17, 0, '', '', '', 0, '3A', 0),
(433, 7, 79, 1, 2, 17, 0, '', '', '', 0, '3B', 0),
(434, 7, 80, 1, 2, 32, 0, '', '', '', 0, '3A', 0),
(435, 7, 80, 1, 2, 32, 0, '', '', '', 0, '3B', 0),
(436, 7, 80, 1, 2, 32, 0, '', '', '', 0, '3C', 0),
(437, 7, 81, 1, 2, 21, 0, '', '', '', 0, '3A', 0),
(438, 7, 81, 1, 2, 21, 0, '', '', '', 0, '3B', 0),
(439, 7, 82, 1, 2, 21, 0, '', '', '', 0, '3A', 0),
(440, 7, 82, 1, 2, 21, 0, '', '', '', 0, '3B', 0),
(441, 7, 83, 1, 2, 12, 0, '', '', '', 0, '3A', 0),
(442, 7, 83, 1, 2, 12, 0, '', '', '', 0, '3B', 0),
(443, 7, 193, 1, 2, 13, 0, '', '', '', 0, '4A', 0),
(444, 7, 193, 1, 2, 13, 0, '', '', '', 0, '4B', 0),
(445, 7, 194, 1, 2, 33, 0, '', '', '', 0, '4A', 0),
(446, 7, 194, 1, 2, 33, 0, '', '', '', 0, '4B', 0),
(447, 7, 195, 1, 2, 33, 0, '', '', '', 0, '4A', 0),
(448, 7, 195, 1, 2, 33, 0, '', '', '', 0, '4B', 0),
(449, 7, 196, 1, 2, 11, 0, '', '', '', 0, '4A', 0),
(450, 7, 196, 1, 2, 11, 0, '', '', '', 0, '4B', 0),
(451, 7, 197, 1, 2, 11, 0, '', '', '', 0, '4A', 0),
(452, 7, 197, 1, 2, 11, 0, '', '', '', 0, '4B', 0),
(453, 7, 198, 1, 2, 12, 0, '', '', '', 0, '4A', 0),
(454, 7, 198, 1, 2, 12, 0, '', '', '', 0, '4B', 0),
(455, 7, 199, 1, 2, 32, 0, '', '', '', 0, '4A', 0),
(456, 7, 199, 1, 2, 32, 0, '', '', '', 0, '4B', 0),
(457, 7, 51, 1, 4, 12, 0, '', '', '', 0, '5A', 0),
(458, 7, 52, 1, 4, 11, 0, '', '', '', 0, '5A', 0),
(459, 7, 56, 1, 4, 38, 0, '', '', '', 0, '5A', 0),
(460, 7, 55, 1, 4, 11, 0, '', '', '', 0, '5A', 0),
(461, 7, 53, 1, 4, 13, 0, '', '', '', 0, '5A', 0),
(462, 7, 54, 1, 4, 33, 0, '', '', '', 0, '5A', 0),
(463, 7, 14, 1, 1, 9, 0, '', '', '', 0, '2C', 0),
(464, 7, 15, 1, 1, 9, 0, '', '', '', 0, '2C', 0),
(465, 7, 19, 1, 1, 1, 0, '', '', '', 0, '2C', 0),
(466, 7, 1, 1, 1, 2, 0, '', '', '', 0, '1C', 0);

-- --------------------------------------------------------

--
-- Table structure for table `invcategory`
--

CREATE TABLE `invcategory` (
  `invcatid` int(11) NOT NULL,
  `invcatname` varchar(100) NOT NULL,
  `invcat1` int(11) NOT NULL DEFAULT 0,
  `invcat2` int(11) NOT NULL DEFAULT 0
) ENGINE=InnoDB DEFAULT CHARSET=latin1 COLLATE=latin1_swedish_ci;

-- --------------------------------------------------------

--
-- Table structure for table `invdescriptions`
--

CREATE TABLE `invdescriptions` (
  `invdescid` int(11) NOT NULL,
  `invcatid` int(11) NOT NULL,
  `invitemid` int(11) NOT NULL,
  `invdescdetail` varchar(100) NOT NULL,
  `invdescserial` varchar(50) NOT NULL,
  `invdesc1` int(11) NOT NULL DEFAULT 0,
  `invdesc2` int(11) NOT NULL DEFAULT 0,
  `invdesc3` int(11) NOT NULL DEFAULT 0
) ENGINE=InnoDB DEFAULT CHARSET=latin1 COLLATE=latin1_swedish_ci;

-- --------------------------------------------------------

--
-- Table structure for table `invitems`
--

CREATE TABLE `invitems` (
  `invitemid` int(11) NOT NULL,
  `invcatid` int(11) NOT NULL,
  `invitemname` varchar(50) NOT NULL,
  `invitem1` int(11) NOT NULL,
  `invitem2` int(11) NOT NULL
) ENGINE=InnoDB DEFAULT CHARSET=latin1 COLLATE=latin1_swedish_ci;

-- --------------------------------------------------------

--
-- Table structure for table `loadschedules`
--

CREATE TABLE `loadschedules` (
  `schedid` int(11) NOT NULL,
  `loadid` int(11) NOT NULL,
  `roomid` int(11) NOT NULL,
  `schedday` varchar(10) NOT NULL,
  `schedstart` varchar(10) NOT NULL,
  `schedend` varchar(10) NOT NULL,
  `schedtime` varchar(15) NOT NULL
) ENGINE=InnoDB DEFAULT CHARSET=latin1 COLLATE=latin1_swedish_ci;

--
-- Dumping data for table `loadschedules`
--

INSERT INTO `loadschedules` (`schedid`, `loadid`, `roomid`, `schedday`, `schedstart`, `schedend`, `schedtime`) VALUES
(1, 34, 10, 'TTh', '0230', '0530', '02:30-05:30'),
(10, 41, 4, 'TTh', '0730', '0900', '07:30-09:00'),
(11, 42, 5, 'TTh', '0900', '1030', '09:00-10:30'),
(12, 24, 4, 'TTh', '0900', '1030', '09:00-10:30'),
(13, 25, 5, 'TTh', '0730', '0900', '07:30-09:00'),
(14, 74, 15, 'TTh', '0100', '0230', '01:00-02:30'),
(15, 75, 15, 'TTh', '0230', '0400', '02:30-04:00'),
(16, 115, 18, 'TTh', '0230', '0400', '02:30-04:00'),
(17, 117, 18, 'TTh', '0100', '0230', '01:00-02:30'),
(18, 89, 13, 'TTh', '0730', '0900', '07:30-09:00'),
(19, 90, 13, 'TTh', '0900', '1030', '09:00-10:30'),
(21, 32, 13, 'TTh', '0230', '0530', '02:30-05:30'),
(22, 118, 13, 'TTh', '0100', '0230', '01:00-02:30'),
(23, 119, 13, 'TTh', '1030', '1200', '10:30-12:00'),
(24, 138, 6, 'TTh', '0730', '0900', '07:30-09:00'),
(25, 146, 6, 'TTh', '0900', '1030', '09:00-10:30'),
(26, 55, 5, 'TTh', '1030', '1200', '10:30-12:00'),
(27, 31, 14, 'TTh', '0900', '1200', '09:00-12:00'),
(28, 132, 6, 'TTh', '0230', '0530', '02:30-05:30'),
(29, 133, 7, 'MWF', '0800', '1000', '08:00-10:00'),
(30, 126, 7, 'TTh', '0900', '1200', '09:00-12:00'),
(31, 144, 7, 'TTh', '0730', '0900', '07:30-09:00'),
(32, 144, 7, 'TTh', '0100', '0230', '01:00-02:30'),
(33, 112, 7, 'MWF', '1000', '1200', '10:00-12:00'),
(34, 48, 4, 'TTh', '0400', '0530', '04:00-05:30'),
(35, 142, 5, 'TTh', '0100', '0400', '01:00-04:00'),
(36, 141, 8, 'TTh', '0900', '1200', '09:00-12:00'),
(37, 149, 14, 'MWF', '0900', '1000', '09:00-10:00'),
(38, 136, 4, 'TTh', '0100', '0230', '01:00-02:30'),
(39, 137, 4, 'TTh', '0230', '0400', '02:30-04:00'),
(40, 113, 4, 'MWF', '0800', '0900', '08:00-09:00'),
(41, 114, 5, 'MWF', '0900', '1000', '09:00-10:00'),
(42, 93, 13, 'MWF', '0100', '0300', '01:00-03:00'),
(43, 139, 13, 'MWF', '1000', '1200', '10:00-12:00'),
(44, 62, 16, 'MWF', '1000', '1200', '10:00-12:00'),
(45, 63, 16, 'MWF', '0100', '0300', '01:00-03:00'),
(47, 53, 11, 'MWF', '1100', '1200', '11:00-12:00'),
(48, 52, 11, 'MWF', '0200', '0300', '02:00-03:00'),
(49, 120, 11, 'MF', '0300', '0430', '03:00-04:30'),
(50, 121, 11, 'MWF', '0100', '0200', '01:00-02:00'),
(51, 29, 4, 'MWF', '0900', '1000', '09:00-10:00'),
(52, 30, 5, 'MWF', '0800', '0900', '08:00-09:00'),
(53, 122, 14, 'MWF', '1100', '1200', '11:00-12:00'),
(54, 123, 14, 'MWF', '1000', '1100', '10:00-11:00'),
(55, 127, 4, 'MWF', '1000', '1100', '10:00-11:00'),
(56, 143, 4, 'MWF', '1100', '1200', '11:00-12:00'),
(57, 76, 15, 'MWF', '0800', '0900', '08:00-09:00'),
(58, 84, 7, 'MF', '0300', '0600', '03:00-06:00'),
(59, 145, 4, 'MF', '0300', '0600', '03:00-06:00'),
(60, 85, 7, 'MWF', '0100', '0300', '01:00-03:00'),
(61, 46, 6, 'MWF', '1000', '1100', '10:00-11:00'),
(62, 47, 6, 'MWF', '1100', '1200', '11:00-12:00'),
(63, 140, 8, 'MWF', '0900', '1000', '09:00-10:00'),
(64, 94, 12, 'MWF', '0900', '1000', '09:00-10:00'),
(65, 95, 12, 'MWF', '0800', '0900', '08:00-09:00'),
(66, 77, 15, 'MWF', '0900', '1000', '09:00-10:00'),
(67, 147, 15, 'MWF', '1100', '1200', '11:00-12:00'),
(68, 148, 15, 'MWF', '0100', '0200', '01:00-02:00'),
(69, 130, 4, 'MWF', '0100', '0200', '01:00-02:00'),
(70, 131, 4, 'MWF', '0200', '0300', '02:00-03:00'),
(71, 128, 19, 'MWF', '0900', '1000', '09:00-10:00'),
(72, 129, 12, 'MWF', '1000', '1100', '10:00-11:00'),
(73, 23, 4, 'TTh', '1030', '1200', '10:30-12:00'),
(74, 155, 8, 'TTh', '0100', '0230', '01:00-02:30'),
(75, 26, 5, 'MF', '0300', '0430', '03:00-04:30'),
(76, 157, 6, 'MWF', '0900', '1000', '09:00-10:00'),
(77, 33, 3, 'MWF', '0800', '1000', '08:00-10:00'),
(78, 151, 3, 'MWF', '1000', '1200', '10:00-12:00'),
(79, 40, 9, 'MWF', '1100', '1200', '11:00-12:00'),
(81, 43, 9, 'MWF', '0900', '1000', '09:00-10:00'),
(82, 36, 5, 'MWF', '0100', '0200', '01:00-02:00'),
(83, 152, 5, 'MWF', '0200', '0300', '02:00-03:00'),
(84, 105, 6, 'MWF', '0800', '0900', '08:00-09:00'),
(85, 99, 11, 'MWF', '0900', '1000', '09:00-10:00'),
(86, 51, 12, 'TTh', '0400', '0530', '04:00-05:30'),
(89, 158, 18, 'MF', '0430', '0600', '04:30-06:00'),
(90, 54, 18, 'MWF', '0200', '0300', '02:00-03:00'),
(91, 61, 16, 'TTh', '0100', '0400', '01:00-04:00'),
(92, 153, 16, 'TTh', '0730', '1030', '07:30-10:30'),
(93, 58, 10, 'MWF', '0800', '1000', '08:00-10:00'),
(94, 59, 10, 'MWF', '1000', '1100', '10:00-11:00'),
(95, 60, 3, 'MF', '0430', '0600', '04:30-06:00'),
(96, 106, 8, 'MWF', '0800', '0900', '08:00-09:00'),
(97, 107, 9, 'MWF', '1000', '1100', '10:00-11:00'),
(98, 100, 8, 'MWF', '0100', '0200', '01:00-02:00'),
(99, 103, 8, 'TTh', '0730', '0900', '07:30-09:00'),
(101, 110, 3, 'TTh', '1030', '1200', '10:30-12:00'),
(104, 66, 3, 'TTh', '0730', '1030', '07:30-10:30'),
(105, 64, 9, 'TTh', '0230', '0400', '02:30-04:00'),
(107, 65, 2, 'TTh', '0400', '0530', '04:00-05:30'),
(108, 67, 9, 'TTh', '0900', '1030', '09:00-10:30'),
(109, 154, 11, 'TTh', '1030', '1200', '10:30-12:00'),
(110, 70, 12, 'MWF', '0100', '0200', '01:00-02:00'),
(111, 71, 5, 'MWF', '1000', '1100', '10:00-11:00'),
(112, 69, 2, 'TTh', '0100', '0230', '01:00-02:30'),
(113, 68, 3, 'MWF', '0200', '0300', '02:00-03:00'),
(114, 124, 18, 'TTh', '0230', '0400', '02:30-04:00'),
(115, 125, 18, 'MF', '0300', '0430', '03:00-04:30'),
(117, 150, 8, 'MWF', '1100', '1200', '11:00-12:00'),
(118, 80, 3, 'MWF', '0100', '0200', '01:00-02:00'),
(119, 81, 3, 'TTh', '0230', '0400', '02:30-04:00'),
(121, 83, 12, 'TTh', '0730', '0900', '07:30-09:00'),
(123, 98, 8, 'TTh', '0230', '0400', '02:30-04:00'),
(124, 97, 10, 'TTh', '0900', '1200', '09:00-12:00'),
(125, 96, 10, 'MWF', '0200', '0300', '02:00-03:00'),
(126, 73, 18, 'TTh', '0100', '0230', '01:00-02:30'),
(127, 82, 10, 'TTh', '1030', '1200', '10:30-12:00'),
(128, 159, 10, 'MF', '0300', '0430', '03:00-04:30'),
(130, 162, 3, 'TTh', '0100', '0230', '01:00-02:30'),
(131, 161, 10, 'MF', '0430', '0600', '04:30-06:00'),
(132, 160, 3, 'MWF', '0200', '0300', '02:00-03:00'),
(133, 163, 3, 'MWF', '0200', '0300', '02:00-03:00'),
(134, 156, 9, 'MWF', '0100', '0200', '01:00-02:00'),
(135, 164, 2, 'TTh', '0730', '0900', '07:30-09:00'),
(136, 165, 14, 'TTh', '0230', '0400', '02:30-04:00'),
(137, 171, 2, 'TTh', '1030', '1200', '10:30-12:00'),
(138, 167, 9, 'TTh', '0100', '0230', '01:00-02:30'),
(139, 170, 2, 'MWF', '0800', '1000', '08:00-10:00'),
(140, 166, 2, 'MWF', '1000', '1200', '10:00-12:00'),
(141, 168, 18, 'MWF', '0200', '0300', '02:00-03:00'),
(142, 60, 10, 'TTh', '0100', '0230', '01:00-02:30'),
(143, 59, 5, 'MWF', '1100', '1200', '11:00-12:00'),
(144, 107, 10, 'MWF', '1100', '1200', '11:00-12:00'),
(145, 68, 2, 'MF', '0300', '0430', '03:00-04:30'),
(151, 111, 11, 'TTh', '0100', '0230', '01:00-02:30'),
(152, 179, 5, 'MWF', '0100', '0200', '01:00-02:00'),
(153, 183, 5, 'MWF', '0200', '0300', '02:00-03:00'),
(154, 283, 5, 'MF', '0430', '0600', '04:30-06:00'),
(155, 201, 4, 'TTh', '0230', '0400', '02:30-04:00'),
(156, 195, 11, 'MWF', '0100', '0200', '01:00-02:00'),
(157, 178, 17, 'MWF', '0200', '0300', '02:00-03:00'),
(158, 208, 10, 'MWF', '1100', '1200', '11:00-12:00'),
(159, 237, 5, 'TTh', '0100', '0230', '01:00-02:30'),
(160, 238, 5, 'TTh', '0730', '0900', '07:30-09:00'),
(161, 194, 10, 'MWF', '0800', '1000', '08:00-10:00'),
(162, 215, 14, 'TTh', '0730', '0900', '07:30-09:00'),
(163, 205, 14, 'MWF', '1000', '1100', '10:00-11:00'),
(164, 206, 10, 'MF', '0300', '0600', '03:00-06:00'),
(165, 200, 10, 'TTh', '0730', '1030', '07:30-10:30'),
(166, 216, 10, 'TTh', '1030', '1200', '10:30-12:00'),
(167, 204, 14, 'MWF', '1100', '1200', '11:00-12:00'),
(168, 207, 10, 'TTh', '0100', '0400', '01:00-04:00'),
(169, 203, 5, 'MWF', '1000', '1100', '10:00-11:00'),
(170, 193, 9, 'TTh', '1030', '1200', '10:30-12:00'),
(171, 210, 9, 'MF', '0430', '0600', '04:30-06:00'),
(172, 180, 17, 'TTh', '0730', '1030', '07:30-10:30'),
(173, 184, 17, 'TTh', '1030', '1200', '10:30-12:00'),
(174, 284, 17, 'TTh', '0230', '0530', '02:30-05:30'),
(175, 184, 17, 'TTh', '0100', '0230', '01:00-02:30'),
(176, 211, 9, 'MF', '0300', '0430', '03:00-04:30'),
(177, 211, 3, 'TTh', '1030', '1200', '10:30-12:00'),
(178, 209, 9, 'TTh', '0730', '0900', '07:30-09:00'),
(179, 226, 19, 'MWF', '0800', '1000', '08:00-10:00'),
(180, 227, 19, 'MWF', '1000', '1200', '10:00-12:00'),
(181, 228, 3, 'MF', '0430', '0600', '04:30-06:00'),
(182, 229, 3, 'MF', '0300', '0430', '03:00-04:30'),
(183, 218, 10, 'MF', '0430', '0600', '04:30-06:00'),
(184, 177, 3, 'MWF', '0800', '1000', '08:00-10:00'),
(185, 182, 3, 'MWF', '1000', '1200', '10:00-12:00'),
(186, 285, 3, 'MWF', '0100', '0300', '01:00-03:00'),
(187, 176, 3, 'TTh', '0400', '0530', '04:00-05:30'),
(188, 230, 3, 'TTh', '0730', '1030', '07:30-10:30'),
(190, 231, 3, 'TTh', '0100', '0400', '01:00-04:00'),
(191, 222, 12, 'TTh', '0100', '0230', '01:00-02:30'),
(192, 223, 12, 'TTh', '1030', '1200', '10:30-12:00'),
(193, 232, 12, 'TTh', '0230', '0400', '02:30-04:00'),
(194, 233, 12, 'TTh', '0400', '0530', '04:00-05:30'),
(195, 269, 6, 'TTh', '0730', '1030', '07:30-10:30'),
(196, 273, 6, 'MF', '0300', '0430', '03:00-04:30'),
(197, 280, 6, 'TTh', '0100', '0230', '01:00-02:30'),
(198, 267, 6, 'MWF', '0800', '1000', '08:00-10:00'),
(199, 268, 6, 'MWF', '1000', '1200', '10:00-12:00'),
(200, 281, 6, 'TTh', '0230', '0400', '02:30-04:00'),
(201, 251, 7, 'MWF', '0800', '1000', '08:00-10:00'),
(202, 252, 7, 'MWF', '1000', '1200', '10:00-12:00'),
(203, 257, 7, 'TTh', '1030', '1200', '10:30-12:00'),
(204, 258, 7, 'TTh', '0230', '0530', '02:30-05:30'),
(205, 275, 7, 'MWF', '0100', '0200', '01:00-02:00'),
(206, 276, 7, 'MWF', '0200', '0300', '02:00-03:00'),
(207, 279, 7, 'TTh', '0730', '0900', '07:30-09:00'),
(211, 241, 4, 'MWF', '1000', '1100', '10:00-11:00'),
(212, 242, 4, 'MWF', '0900', '1000', '09:00-10:00'),
(213, 260, 4, 'MWF', '0800', '0900', '08:00-09:00'),
(215, 259, 4, 'MWF', '1100', '1200', '11:00-12:00'),
(216, 259, 19, 'MWF', '0100', '0200', '01:00-02:00'),
(217, 260, 19, 'MWF', '0200', '0300', '02:00-03:00'),
(218, 262, 4, 'TTh', '0730', '0900', '07:30-09:00'),
(219, 261, 4, 'TTh', '0900', '1030', '09:00-10:30'),
(220, 262, 19, 'TTh', '0100', '0230', '01:00-02:30'),
(221, 261, 19, 'TTh', '0230', '0400', '02:30-04:00'),
(222, 270, 4, 'TTh', '1030', '1200', '10:30-12:00'),
(223, 270, 19, 'TTh', '0400', '0530', '04:00-05:30'),
(224, 271, 2, 'MWF', '0800', '0900', '08:00-09:00'),
(225, 264, 2, 'MWF', '0900', '1000', '09:00-10:00'),
(226, 263, 2, 'MWF', '1000', '1100', '10:00-11:00'),
(227, 255, 2, 'TTh', '0730', '0900', '07:30-09:00'),
(228, 256, 2, 'TTh', '0900', '1030', '09:00-10:30'),
(229, 274, 2, 'MWF', '0100', '0200', '01:00-02:00'),
(230, 277, 2, 'MF', '0300', '0430', '03:00-04:30'),
(231, 278, 2, 'TTh', '1030', '1200', '10:30-12:00'),
(232, 282, 9, 'TTh', '0230', '0400', '02:30-04:00'),
(233, 217, 14, 'MWF', '0800', '0900', '08:00-09:00'),
(234, 214, 9, 'TTh', '0100', '0230', '01:00-02:30'),
(235, 272, 2, 'MWF', '1100', '1200', '11:00-12:00'),
(236, 265, 6, 'MWF', '0200', '0300', '02:00-03:00'),
(237, 266, 6, 'MWF', '0100', '0200', '01:00-02:00'),
(238, 265, 19, 'MF', '0300', '0430', '03:00-04:30'),
(239, 266, 19, 'MF', '0430', '0600', '04:30-06:00'),
(240, 243, 8, 'TTh', '0730', '1030', '07:30-10:30'),
(242, 212, 9, 'MWF', '0800', '1000', '08:00-10:00'),
(243, 213, 9, 'MWF', '1000', '1200', '10:00-12:00'),
(244, 246, 13, 'TTh', '0900', '1030', '09:00-10:30'),
(245, 245, 13, 'TTh', '1030', '1200', '10:30-12:00'),
(246, 246, 20, 'TTh', '0100', '0230', '01:00-02:30'),
(247, 245, 20, 'TTh', '0230', '0400', '02:30-04:00'),
(250, 225, 13, 'MWF', '0100', '0200', '01:00-02:00'),
(251, 224, 13, 'MWF', '0200', '0300', '02:00-03:00'),
(252, 240, 13, 'MWF', '0800', '0900', '08:00-09:00'),
(253, 239, 13, 'MWF', '1100', '1200', '11:00-12:00'),
(254, 192, 5, 'TTh', '1030', '1200', '10:30-12:00'),
(255, 221, 12, 'TTh', '0900', '1030', '09:00-10:30'),
(256, 220, 11, 'TTh', '1030', '1200', '10:30-12:00'),
(257, 191, 12, 'TTh', '0730', '0900', '07:30-09:00'),
(258, 202, 12, 'MWF', '0100', '0200', '01:00-02:00'),
(259, 198, 12, 'MWF', '0900', '1000', '09:00-10:00'),
(260, 197, 12, 'MWF', '1000', '1100', '10:00-11:00'),
(261, 219, 12, 'MF', '0300', '0430', '03:00-04:30'),
(262, 181, 11, 'TTh', '0900', '1030', '09:00-10:30'),
(263, 234, 18, 'MF', '0300', '0430', '03:00-04:30'),
(264, 235, 18, 'MF', '0430', '0600', '04:30-06:00'),
(265, 253, 18, 'MWF', '0100', '0200', '01:00-02:00'),
(266, 254, 18, 'MWF', '0200', '0300', '02:00-03:00'),
(267, 185, 18, 'TTh', '0230', '0400', '02:30-04:00'),
(268, 199, 18, 'TTh', '0400', '0530', '04:00-05:30'),
(269, 186, 18, 'TTh', '0100', '0230', '01:00-02:30'),
(270, 188, 8, 'MWF', '0800', '0900', '08:00-09:00'),
(271, 187, 8, 'MWF', '1100', '1200', '11:00-12:00'),
(272, 190, 14, 'TTh', '0900', '1030', '09:00-10:30'),
(273, 189, 14, 'TTh', '1030', '1200', '10:30-12:00'),
(274, 250, 8, 'MWF', '0100', '0200', '01:00-02:00'),
(275, 249, 8, 'MWF', '0200', '0300', '02:00-03:00'),
(276, 248, 11, 'TTh', '0230', '0400', '02:30-04:00'),
(277, 247, 11, 'TTh', '0400', '0530', '04:00-05:30'),
(278, 178, 17, 'MF', '0300', '0430', '03:00-04:30'),
(279, 208, 10, 'MWF', '0100', '0200', '01:00-02:00'),
(280, 290, 3, 'TTh', '1030', '1200', '10:30-12:00'),
(281, 286, 5, 'MWF', '1100', '1200', '11:00-12:00'),
(282, 287, 5, 'TTh', '0230', '0400', '02:30-04:00'),
(283, 291, 13, 'TTh', '0400', '0530', '04:00-05:30'),
(284, 294, 17, 'MWF', '0800', '1000', '08:00-10:00'),
(285, 295, 17, 'MWF', '1000', '1200', '10:00-12:00'),
(286, 288, 16, 'TTh', '0730', '1030', '07:30-10:30'),
(287, 292, 18, 'MWF', '1000', '1100', '10:00-11:00'),
(288, 289, 9, 'MWF', '0100', '0300', '01:00-03:00'),
(289, 296, 13, 'TTh', '0730', '0900', '07:30-09:00'),
(290, 257, 7, 'TTh', '0100', '0230', '01:00-02:30'),
(291, 216, 14, 'MWF', '0200', '0300', '02:00-03:00'),
(292, 297, 13, 'TTh', '0100', '0230', '01:00-02:30');

-- --------------------------------------------------------

--
-- Table structure for table `loadsections`
--

CREATE TABLE `loadsections` (
  `lsid` int(11) NOT NULL,
  `workid` int(11) NOT NULL,
  `progid` int(11) NOT NULL,
  `lssection` varchar(5) NOT NULL
) ENGINE=InnoDB DEFAULT CHARSET=latin1 COLLATE=latin1_swedish_ci;

--
-- Dumping data for table `loadsections`
--

INSERT INTO `loadsections` (`lsid`, `workid`, `progid`, `lssection`) VALUES
(1, 2, 1, '1A');

-- --------------------------------------------------------

--
-- Table structure for table `modules`
--

CREATE TABLE `modules` (
  `modid` int(11) NOT NULL,
  `modname` varchar(50) NOT NULL,
  `mod1` int(11) NOT NULL DEFAULT 0,
  `mod2` int(11) NOT NULL DEFAULT 0,
  `mod3` int(11) NOT NULL DEFAULT 0,
  `mod4` int(11) NOT NULL DEFAULT 0,
  `mod5` int(11) NOT NULL DEFAULT 0,
  `modvoid` int(11) NOT NULL DEFAULT 0
) ENGINE=InnoDB DEFAULT CHARSET=latin1 COLLATE=latin1_swedish_ci;

-- --------------------------------------------------------

--
-- Table structure for table `periods`
--

CREATE TABLE `periods` (
  `periodid` int(11) NOT NULL,
  `periodstart` int(4) NOT NULL,
  `periodend` int(4) NOT NULL,
  `periodterm` int(1) NOT NULL,
  `periodtermname` varchar(30) NOT NULL,
  `periodsequence` int(11) NOT NULL,
  `periodstatus` int(1) NOT NULL DEFAULT 0,
  `periodvoid` int(1) NOT NULL DEFAULT 0
) ENGINE=InnoDB DEFAULT CHARSET=latin1 COLLATE=latin1_swedish_ci;

--
-- Dumping data for table `periods`
--

INSERT INTO `periods` (`periodid`, `periodstart`, `periodend`, `periodterm`, `periodtermname`, `periodsequence`, `periodstatus`, `periodvoid`) VALUES
(1, 1, 1, 1, 'qwe', 0, 0, 0),
(2, 2015, 2016, 1, 'First Semester', 20151, 0, 0),
(3, 2015, 2016, 2, 'Second Semester', 20152, 0, 0),
(4, 2016, 2017, 1, 'First Semester', 20161, 0, 0),
(5, 2016, 2017, 2, 'Second Semester', 20162, 0, 0),
(6, 2016, 2017, 3, 'Midyear Term', 20163, 0, 0),
(7, 2017, 2018, 1, 'First Semester', 20171, 0, 0),
(8, 2017, 2018, 2, 'Second Semester', 20172, 0, 0),
(9, 2017, 2018, 3, 'Midyear Term', 20173, 0, 0),
(10, 2018, 2019, 1, 'First Semester', 20181, 0, 0),
(11, 2018, 2019, 2, 'Second Semester', 20182, 0, 0),
(12, 2018, 2019, 3, 'Midyear Term', 20183, 0, 0),
(13, 2019, 2020, 1, 'First Semester', 20191, 0, 0),
(14, 2019, 2020, 2, 'Second Semester', 20192, 0, 0),
(15, 2019, 2020, 3, 'Midyear Term', 20193, 0, 0),
(16, 2020, 2021, 1, 'First Semester', 20201, 0, 0),
(17, 2020, 2021, 2, 'Second Semester', 20202, 0, 0),
(18, 2021, 2022, 1, 'First Semester', 20211, 1, 0);

-- --------------------------------------------------------

--
-- Table structure for table `prerequisites`
--

CREATE TABLE `prerequisites` (
  `prereqid` int(11) NOT NULL,
  `prosid` int(11) NOT NULL,
  `prereqsub` int(11) NOT NULL,
  `prereq1` int(11) NOT NULL,
  `prereq2` int(11) NOT NULL,
  `prereq3` int(11) NOT NULL,
  `prereq4` int(11) NOT NULL,
  `prereq5` int(11) NOT NULL,
  `prereqvoid` int(1) NOT NULL
) ENGINE=InnoDB DEFAULT CHARSET=latin1 COLLATE=latin1_swedish_ci;

-- --------------------------------------------------------

--
-- Table structure for table `programs`
--

CREATE TABLE `programs` (
  `progid` int(11) NOT NULL,
  `campid` int(11) NOT NULL,
  `collid` int(11) NOT NULL,
  `progcode` varchar(20) NOT NULL,
  `progtitle` varchar(100) NOT NULL,
  `progyear` varchar(4) DEFAULT NULL,
  `progcmo` varchar(100) DEFAULT NULL,
  `progchair` int(11) DEFAULT NULL,
  `prog2` int(11) DEFAULT NULL,
  `prog3` int(11) DEFAULT NULL,
  `prog4` int(11) DEFAULT NULL,
  `prog5` int(11) DEFAULT NULL,
  `progvoid` int(1) DEFAULT NULL
) ENGINE=InnoDB DEFAULT CHARSET=latin1 COLLATE=latin1_swedish_ci;

--
-- Dumping data for table `programs`
--

INSERT INTO `programs` (`progid`, `campid`, `collid`, `progcode`, `progtitle`, `progyear`, `progcmo`, `progchair`, `prog2`, `prog3`, `prog4`, `prog5`, `progvoid`) VALUES
(1, 1, 1, 'BSCPE', 'Bachelor of Science in Computer Engineering', '2018', '', 0, 0, 0, 0, 0, 0),
(2, 1, 1, 'BSCE', 'Bachelor of Science in Civil Engineering', '2018', '', 0, 0, 0, 0, 0, 0),
(3, 1, 1, 'BSCPE', 'Bachelor of Science in Computer Engineering', '2009', '', 0, 0, 0, 0, 0, 0),
(4, 1, 1, 'BSCE', 'Bachelor of Science in Civil Engineering', '2008', '', 0, 0, 0, 0, 0, 0),
(5, 1, 1, 'BSECE', 'Bachelor of Science in Electronics and Communications Engineering', '2019', '', 0, 0, 0, 0, 0, 0);

-- --------------------------------------------------------

--
-- Table structure for table `prospectus`
--

CREATE TABLE `prospectus` (
  `prosid` int(11) NOT NULL,
  `progid` int(11) NOT NULL,
  `subid` int(11) NOT NULL,
  `prosyear` int(1) NOT NULL,
  `prosterm` int(1) NOT NULL,
  `pros1` int(11) NOT NULL,
  `pros2` int(11) NOT NULL,
  `pros3` int(11) NOT NULL,
  `pros4` int(11) NOT NULL,
  `pros5` int(11) NOT NULL,
  `prosvoid` int(1) NOT NULL
) ENGINE=InnoDB DEFAULT CHARSET=latin1 COLLATE=latin1_swedish_ci;

--
-- Dumping data for table `prospectus`
--

INSERT INTO `prospectus` (`prosid`, `progid`, `subid`, `prosyear`, `prosterm`, `pros1`, `pros2`, `pros3`, `pros4`, `pros5`, `prosvoid`) VALUES
(1, 1, 1, 1, 1, 0, 0, 0, 0, 0, 0),
(2, 1, 2, 1, 1, 0, 0, 0, 0, 0, 0),
(3, 1, 3, 1, 1, 0, 0, 0, 0, 0, 0),
(4, 1, 4, 1, 1, 0, 0, 0, 0, 0, 0),
(5, 1, 5, 1, 1, 0, 0, 0, 0, 0, 0),
(6, 1, 6, 1, 1, 0, 0, 0, 0, 0, 0),
(7, 1, 7, 1, 1, 0, 0, 0, 0, 0, 0),
(8, 1, 8, 1, 1, 0, 0, 0, 0, 0, 0),
(9, 1, 9, 1, 1, 0, 0, 0, 0, 0, 0),
(10, 1, 10, 1, 2, 0, 0, 0, 0, 0, 0),
(11, 1, 18, 2, 1, 0, 0, 0, 0, 0, 0),
(12, 2, 2, 1, 1, 0, 0, 0, 0, 0, 0),
(13, 1, 11, 1, 2, 0, 0, 0, 0, 0, 0),
(14, 1, 19, 2, 1, 0, 0, 0, 0, 0, 0),
(15, 1, 20, 2, 1, 0, 0, 0, 0, 0, 0),
(16, 1, 21, 2, 1, 0, 0, 0, 0, 0, 0),
(17, 1, 23, 2, 1, 0, 0, 0, 0, 0, 0),
(18, 1, 24, 2, 1, 0, 0, 0, 0, 0, 0),
(19, 1, 22, 2, 1, 0, 0, 0, 0, 0, 0),
(20, 1, 25, 2, 1, 0, 0, 0, 0, 0, 0),
(21, 1, 26, 2, 1, 0, 0, 0, 0, 0, 0),
(22, 1, 27, 3, 1, 0, 0, 0, 0, 0, 0),
(23, 1, 28, 3, 1, 0, 0, 0, 0, 0, 0),
(24, 1, 29, 3, 1, 0, 0, 0, 0, 0, 0),
(25, 1, 30, 3, 1, 0, 0, 0, 0, 0, 0),
(26, 1, 31, 3, 1, 0, 0, 0, 0, 0, 0),
(27, 1, 32, 3, 1, 0, 0, 0, 0, 0, 0),
(28, 1, 33, 3, 1, 0, 0, 0, 0, 0, 0),
(29, 1, 34, 3, 1, 0, 0, 0, 0, 0, 0),
(30, 1, 35, 3, 1, 0, 0, 0, 0, 0, 0),
(31, 3, 36, 4, 1, 0, 0, 0, 0, 0, 0),
(32, 3, 37, 4, 1, 0, 0, 0, 0, 0, 0),
(33, 3, 38, 4, 1, 0, 0, 0, 0, 0, 0),
(34, 3, 39, 4, 1, 0, 0, 0, 0, 0, 0),
(35, 3, 40, 4, 1, 0, 0, 0, 0, 0, 0),
(36, 3, 41, 4, 1, 0, 0, 0, 0, 0, 0),
(37, 3, 42, 4, 1, 0, 0, 0, 0, 0, 0),
(38, 3, 43, 5, 1, 0, 0, 0, 0, 0, 0),
(39, 3, 44, 5, 1, 0, 0, 0, 0, 0, 0),
(40, 3, 45, 5, 1, 0, 0, 0, 0, 0, 0),
(41, 3, 46, 5, 1, 0, 0, 0, 0, 0, 0),
(42, 3, 47, 5, 1, 0, 0, 0, 0, 0, 0),
(43, 3, 48, 5, 1, 0, 0, 0, 0, 0, 0),
(44, 4, 49, 4, 1, 0, 0, 0, 0, 0, 0),
(45, 4, 50, 4, 1, 0, 0, 0, 0, 0, 0),
(46, 4, 51, 4, 1, 0, 0, 0, 0, 0, 0),
(47, 4, 52, 4, 1, 0, 0, 0, 0, 0, 0),
(48, 4, 53, 4, 1, 0, 0, 0, 0, 0, 0),
(49, 4, 40, 4, 1, 0, 0, 0, 0, 0, 0),
(50, 4, 55, 4, 1, 0, 0, 0, 0, 0, 0),
(51, 4, 56, 5, 1, 0, 0, 0, 0, 0, 0),
(52, 4, 57, 5, 1, 0, 0, 0, 0, 0, 0),
(53, 4, 58, 5, 1, 0, 0, 0, 0, 0, 0),
(54, 4, 59, 5, 1, 0, 0, 0, 0, 0, 0),
(55, 4, 60, 5, 1, 0, 0, 0, 0, 0, 0),
(56, 4, 61, 5, 1, 0, 0, 0, 0, 0, 0),
(57, 2, 5, 1, 1, 0, 0, 0, 0, 0, 0),
(58, 2, 6, 1, 1, 0, 0, 0, 0, 0, 0),
(59, 2, 3, 1, 1, 0, 0, 0, 0, 0, 0),
(60, 2, 15, 1, 1, 0, 0, 0, 0, 0, 0),
(61, 2, 62, 1, 1, 0, 0, 0, 0, 0, 0),
(62, 2, 24, 1, 1, 0, 0, 0, 0, 0, 0),
(63, 2, 8, 1, 1, 0, 0, 0, 0, 0, 0),
(64, 2, 9, 1, 1, 0, 0, 0, 0, 0, 0),
(65, 2, 18, 2, 1, 0, 0, 0, 0, 0, 0),
(66, 2, 22, 2, 1, 0, 0, 0, 0, 0, 0),
(67, 2, 21, 2, 1, 0, 0, 0, 0, 0, 0),
(68, 2, 63, 2, 1, 0, 0, 0, 0, 0, 0),
(69, 2, 64, 2, 1, 0, 0, 0, 0, 0, 0),
(70, 2, 67, 2, 1, 0, 0, 0, 0, 0, 0),
(71, 2, 27, 2, 1, 0, 0, 0, 0, 0, 0),
(72, 2, 65, 2, 1, 0, 0, 0, 0, 0, 0),
(73, 2, 66, 2, 1, 0, 0, 0, 0, 0, 0),
(75, 2, 26, 2, 1, 0, 0, 0, 0, 0, 0),
(76, 2, 68, 3, 1, 0, 0, 0, 0, 0, 0),
(77, 2, 69, 3, 1, 0, 0, 0, 0, 0, 0),
(78, 2, 70, 3, 1, 0, 0, 0, 0, 0, 0),
(79, 2, 71, 3, 1, 0, 0, 0, 0, 0, 0),
(80, 2, 72, 3, 1, 0, 0, 0, 0, 0, 0),
(81, 2, 73, 3, 1, 0, 0, 0, 0, 0, 0),
(82, 2, 74, 3, 1, 0, 0, 0, 0, 0, 0),
(83, 2, 75, 3, 1, 0, 0, 0, 0, 0, 0),
(84, 5, 2, 1, 1, 0, 0, 0, 0, 0, 0),
(85, 5, 7, 1, 1, 0, 0, 0, 0, 0, 0),
(86, 5, 11, 1, 1, 0, 0, 0, 0, 0, 0),
(87, 5, 6, 1, 1, 0, 0, 0, 0, 0, 0),
(88, 5, 8, 1, 1, 0, 0, 0, 0, 0, 0),
(89, 5, 9, 1, 1, 0, 0, 0, 0, 0, 0),
(90, 5, 24, 1, 1, 0, 0, 0, 0, 0, 0),
(91, 5, 76, 1, 1, 0, 0, 0, 0, 0, 0),
(92, 1, 13, 1, 2, 0, 0, 0, 0, 0, 0),
(93, 1, 14, 1, 2, 0, 0, 0, 0, 0, 0),
(94, 1, 15, 1, 2, 0, 0, 0, 0, 0, 0),
(95, 1, 16, 1, 2, 0, 0, 0, 0, 0, 0),
(96, 1, 17, 1, 2, 0, 0, 0, 0, 0, 0),
(97, 1, 81, 3, 2, 0, 0, 0, 0, 0, 0),
(98, 1, 82, 3, 2, 0, 0, 0, 0, 0, 0),
(99, 1, 83, 3, 2, 0, 0, 0, 0, 0, 0),
(100, 1, 84, 3, 2, 0, 0, 0, 0, 0, 0),
(101, 1, 85, 3, 2, 0, 0, 0, 0, 0, 0),
(102, 1, 73, 3, 2, 0, 0, 0, 0, 0, 0),
(103, 1, 86, 3, 2, 0, 0, 0, 0, 0, 0),
(104, 1, 87, 3, 2, 0, 0, 0, 0, 0, 0),
(105, 1, 92, 3, 3, 0, 0, 0, 0, 0, 0),
(106, 1, 93, 4, 1, 0, 0, 0, 0, 0, 0),
(107, 1, 94, 4, 1, 0, 0, 0, 0, 0, 0),
(108, 1, 95, 4, 1, 0, 0, 0, 0, 0, 0),
(109, 1, 96, 4, 1, 0, 0, 0, 0, 0, 0),
(110, 1, 97, 4, 1, 0, 0, 0, 0, 0, 0),
(111, 1, 66, 4, 1, 0, 0, 0, 0, 0, 0),
(112, 1, 98, 4, 1, 0, 0, 0, 0, 0, 0),
(113, 1, 88, 4, 2, 0, 0, 0, 0, 0, 0),
(114, 1, 89, 4, 2, 0, 0, 0, 0, 0, 0),
(115, 1, 90, 4, 2, 0, 0, 0, 0, 0, 0),
(116, 1, 65, 4, 2, 0, 0, 0, 0, 0, 0),
(117, 1, 77, 2, 2, 0, 0, 0, 0, 0, 0),
(118, 1, 78, 2, 2, 0, 0, 0, 0, 0, 0),
(119, 1, 67, 2, 2, 0, 0, 0, 0, 0, 0),
(120, 1, 79, 2, 2, 0, 0, 0, 0, 0, 0),
(121, 1, 99, 2, 2, 0, 0, 0, 0, 0, 0),
(122, 1, 100, 2, 2, 0, 0, 0, 0, 0, 0),
(123, 1, 74, 2, 2, 0, 0, 0, 0, 0, 0),
(124, 1, 80, 2, 2, 0, 0, 0, 0, 0, 0),
(125, 1, 12, 1, 2, 0, 0, 0, 0, 0, 0),
(126, 3, 113, 4, 2, 0, 0, 0, 0, 0, 0),
(127, 3, 104, 4, 2, 0, 0, 0, 0, 0, 0),
(128, 3, 101, 4, 2, 0, 0, 0, 0, 0, 0),
(129, 3, 103, 4, 2, 0, 0, 0, 0, 0, 0),
(130, 3, 105, 4, 2, 0, 0, 0, 0, 0, 0),
(131, 3, 112, 4, 2, 0, 0, 0, 0, 0, 0),
(132, 3, 102, 4, 2, 0, 0, 0, 0, 0, 0),
(133, 3, 106, 5, 2, 0, 0, 0, 0, 0, 0),
(134, 3, 109, 5, 2, 0, 0, 0, 0, 0, 0),
(135, 3, 108, 5, 2, 0, 0, 0, 0, 0, 0),
(136, 3, 110, 5, 2, 0, 0, 0, 0, 0, 0),
(137, 3, 111, 5, 2, 0, 0, 0, 0, 0, 0),
(138, 3, 107, 5, 2, 0, 0, 0, 0, 0, 0),
(139, 2, 13, 1, 2, 0, 0, 0, 0, 0, 0),
(140, 2, 7, 1, 2, 0, 0, 0, 0, 0, 0),
(141, 2, 10, 1, 2, 0, 0, 0, 0, 0, 0),
(142, 2, 11, 1, 2, 0, 0, 0, 0, 0, 0),
(143, 2, 116, 1, 2, 0, 0, 0, 0, 0, 0),
(144, 2, 117, 1, 2, 0, 0, 0, 0, 0, 0),
(145, 2, 99, 1, 2, 0, 0, 0, 0, 0, 0),
(146, 2, 16, 1, 2, 0, 0, 0, 0, 0, 0),
(147, 2, 17, 1, 2, 0, 0, 0, 0, 0, 0),
(148, 2, 19, 2, 2, 0, 0, 0, 0, 0, 0),
(149, 2, 118, 2, 2, 0, 0, 0, 0, 0, 0),
(150, 2, 119, 2, 2, 0, 0, 0, 0, 0, 0),
(151, 2, 120, 2, 2, 0, 0, 0, 0, 0, 0),
(152, 2, 121, 2, 2, 0, 0, 0, 0, 0, 0),
(153, 2, 14, 2, 2, 0, 0, 0, 0, 0, 0),
(154, 2, 90, 2, 2, 0, 0, 0, 0, 0, 0),
(155, 2, 122, 2, 2, 0, 0, 0, 0, 0, 0),
(156, 2, 80, 2, 2, 0, 0, 0, 0, 0, 0),
(157, 2, 85, 3, 2, 0, 0, 0, 0, 0, 0),
(158, 2, 123, 3, 2, 0, 0, 0, 0, 0, 0),
(159, 2, 124, 3, 2, 0, 0, 0, 0, 0, 0),
(160, 2, 125, 3, 2, 0, 0, 0, 0, 0, 0),
(161, 2, 126, 3, 2, 0, 0, 0, 0, 0, 0),
(162, 2, 127, 3, 2, 0, 0, 0, 0, 0, 0),
(163, 2, 128, 3, 2, 0, 0, 0, 0, 0, 0),
(164, 2, 129, 4, 2, 0, 0, 0, 0, 0, 0),
(165, 2, 130, 4, 2, 0, 0, 0, 0, 0, 0),
(166, 2, 131, 4, 2, 0, 0, 0, 0, 0, 0),
(167, 2, 132, 4, 2, 0, 0, 0, 0, 0, 0),
(168, 2, 133, 4, 2, 0, 0, 0, 0, 0, 0),
(169, 2, 134, 4, 2, 0, 0, 0, 0, 0, 0),
(170, 4, 113, 4, 2, 0, 0, 0, 0, 0, 0),
(171, 4, 136, 4, 2, 0, 0, 0, 0, 0, 0),
(172, 4, 137, 4, 2, 0, 0, 0, 0, 0, 0),
(173, 4, 138, 4, 2, 0, 0, 0, 0, 0, 0),
(174, 4, 139, 4, 2, 0, 0, 0, 0, 0, 0),
(175, 4, 140, 4, 2, 0, 0, 0, 0, 0, 0),
(176, 4, 141, 4, 2, 0, 0, 0, 0, 0, 0),
(177, 4, 142, 5, 2, 0, 0, 0, 0, 0, 0),
(178, 4, 143, 5, 2, 0, 0, 0, 0, 0, 0),
(179, 4, 144, 5, 2, 0, 0, 0, 0, 0, 0),
(180, 4, 145, 5, 2, 0, 0, 0, 0, 0, 0),
(181, 4, 146, 5, 2, 0, 0, 0, 0, 0, 0),
(182, 4, 147, 5, 2, 0, 0, 0, 0, 0, 0),
(183, 4, 148, 5, 2, 0, 0, 0, 0, 0, 0),
(184, 4, 149, 4, 3, 0, 0, 0, 0, 0, 0),
(185, 5, 10, 1, 2, 0, 0, 0, 0, 0, 0),
(186, 5, 19, 1, 2, 0, 0, 0, 0, 0, 0),
(187, 5, 151, 1, 2, 0, 0, 0, 0, 0, 0),
(188, 5, 150, 1, 2, 0, 0, 0, 0, 0, 0),
(189, 5, 22, 1, 2, 0, 0, 0, 0, 0, 0),
(190, 5, 99, 1, 2, 0, 0, 0, 0, 0, 0),
(191, 5, 16, 1, 2, 0, 0, 0, 0, 0, 0),
(192, 5, 17, 1, 2, 0, 0, 0, 0, 0, 0),
(193, 2, 152, 4, 1, 0, 0, 0, 0, 0, 0),
(194, 2, 153, 4, 1, 0, 0, 0, 0, 0, 0),
(195, 2, 154, 4, 1, 0, 0, 0, 0, 0, 0),
(196, 2, 155, 4, 1, 0, 0, 0, 0, 0, 0),
(197, 2, 156, 4, 1, 0, 0, 0, 0, 0, 0),
(198, 2, 25, 4, 1, 0, 0, 0, 0, 0, 0),
(199, 2, 158, 4, 1, 0, 0, 0, 0, 0, 0);

-- --------------------------------------------------------

--
-- Stand-in structure for view `scheds`
-- (See below for the actual view)
--
CREATE TABLE `scheds` (
`emplname` varchar(30)
,`progcode` varchar(20)
,`subcode` varchar(20)
,`loadsection` varchar(10)
);

-- --------------------------------------------------------

--
-- Table structure for table `subjects`
--

CREATE TABLE `subjects` (
  `subid` int(11) NOT NULL,
  `subcode` varchar(20) NOT NULL,
  `subtitle` varchar(100) NOT NULL,
  `sublecunit` int(1) NOT NULL,
  `sublechour` decimal(10,0) NOT NULL,
  `sublabunit` int(1) NOT NULL,
  `sublabhour` decimal(10,1) NOT NULL,
  `subcredit` int(1) NOT NULL,
  `subload` decimal(10,1) NOT NULL,
  `sub1` int(11) NOT NULL,
  `sub2` int(11) NOT NULL,
  `sub3` int(11) NOT NULL,
  `sub4` int(11) NOT NULL,
  `subvoid` int(1) NOT NULL
) ENGINE=InnoDB DEFAULT CHARSET=latin1 COLLATE=latin1_swedish_ci;

--
-- Dumping data for table `subjects`
--

INSERT INTO `subjects` (`subid`, `subcode`, `subtitle`, `sublecunit`, `sublechour`, `sublabunit`, `sublabhour`, `subcredit`, `subload`, `sub1`, `sub2`, `sub3`, `sub4`, `subvoid`) VALUES
(1, 'CPE112', 'Programming Logic and Design', 0, 0, 2, 6.0, 2, 4.8, 0, 0, 0, 0, 0),
(2, 'MATH011', 'Calculus 1', 3, 3, 0, 0.0, 3, 3.0, 0, 0, 0, 0, 0),
(3, 'SCI111', 'Chemistry for Engineers', 3, 3, 1, 3.0, 4, 5.4, 0, 0, 0, 0, 0),
(4, 'CPE111', 'Computer Engineering as a Discipline', 1, 1, 0, 0.0, 1, 1.0, 0, 0, 0, 0, 0),
(5, 'GE704', 'Science, Technology & Society', 3, 3, 0, 0.0, 3, 3.0, 0, 0, 0, 0, 0),
(6, 'GE701', 'Mathematics in the Modern World', 3, 3, 0, 0.0, 3, 3.0, 0, 0, 0, 0, 0),
(7, 'GE708', 'Understanding the Self', 3, 3, 0, 0.0, 3, 3.0, 0, 0, 0, 0, 0),
(8, 'PE101', 'Physical Fitness and Self-Testing Activities', 2, 2, 0, 0.0, 2, 2.0, 0, 0, 0, 0, 0),
(9, 'NSTP101', 'National Service Training Program 1', 3, 3, 0, 0.0, 3, 3.0, 0, 0, 0, 0, 0),
(10, 'MATH012', 'Calculus 2', 3, 3, 0, 0.0, 3, 3.0, 0, 0, 0, 0, 0),
(11, 'SCI121', 'Physics for Engineers', 3, 3, 1, 3.0, 4, 5.4, 0, 0, 0, 0, 0),
(12, 'CPE121', 'Object Oriented Programming', 0, 0, 2, 6.0, 2, 4.8, 0, 0, 0, 0, 0),
(13, 'GE705', 'The Contemporary World', 3, 3, 0, 0.0, 3, 3.0, 0, 0, 0, 0, 0),
(14, 'GE706', 'Art Appreciation', 3, 3, 0, 0.0, 3, 3.0, 0, 0, 0, 0, 0),
(15, 'GE707', 'Readings in Philippine History', 3, 3, 0, 0.0, 3, 3.0, 0, 0, 0, 0, 0),
(16, 'PE102', 'Rythmic Activities', 2, 2, 0, 0.0, 2, 2.0, 0, 0, 0, 0, 0),
(17, 'NSTP102', 'National Service Training Program 2', 3, 3, 0, 0.0, 3, 3.0, 0, 0, 0, 0, 0),
(18, 'MATH201', 'Differential Equation', 3, 3, 0, 0.0, 3, 3.0, 0, 0, 0, 0, 0),
(19, 'MATH202', 'Engineering Data Analysis', 3, 3, 0, 0.0, 3, 3.0, 0, 0, 0, 0, 0),
(20, 'CPE211', 'Data Structures and Algorithms', 0, 0, 2, 6.0, 2, 4.8, 0, 0, 0, 0, 0),
(21, 'BES212', 'Engineering Economics', 3, 3, 0, 0.0, 3, 3.0, 0, 0, 0, 0, 0),
(22, 'BES211', 'Computer-Aided Drafting', 0, 0, 1, 3.0, 1, 2.4, 0, 0, 0, 0, 0),
(23, 'AC211', 'Fundamentals of Electrical Circuits', 3, 3, 1, 3.0, 4, 5.4, 0, 0, 0, 0, 0),
(24, 'GE713', 'Kontekstwalisadong Komunikasyon sa Filipino (KOMFIL)', 3, 3, 0, 0.0, 3, 3.0, 0, 0, 0, 0, 0),
(25, 'ENE111', 'Environmental Science and Engineering', 3, 3, 0, 0.0, 3, 3.0, 0, 0, 0, 0, 0),
(26, 'PE103', 'Recreational Activities', 2, 2, 0, 0.0, 2, 2.0, 0, 0, 0, 0, 0),
(27, 'GE714', 'Sosyedad at Literatura / Panitikang Panlipunan (SOSLIT)', 3, 3, 0, 0.0, 3, 3.0, 0, 0, 0, 0, 0),
(28, 'CPE311', 'Logic Circuits and Design', 3, 3, 1, 3.0, 4, 5.4, 0, 0, 0, 0, 0),
(29, 'CPE312', 'Operating Systems', 3, 3, 0, 0.0, 3, 3.0, 0, 0, 0, 0, 0),
(30, 'CPE313', 'Data and Digital Communications', 3, 3, 0, 0.0, 3, 3.0, 0, 0, 0, 0, 0),
(31, 'CPE314', 'Introduction to HDL', 0, 0, 1, 3.0, 1, 2.4, 0, 0, 0, 0, 0),
(32, 'CPE315', 'Feedback and Control Systems', 3, 3, 0, 0.0, 3, 3.0, 0, 0, 0, 0, 0),
(33, 'CPE316', 'Fundamentals of Mixed Signals and Sensors', 3, 3, 0, 0.0, 3, 3.0, 0, 0, 0, 0, 0),
(34, 'CPE317', 'Computer Engineering Drafting and Design', 0, 0, 1, 3.0, 1, 2.4, 0, 0, 0, 0, 0),
(35, 'CPE ELEC 311', 'Cognate / Elective Course 1**', 3, 3, 0, 0.0, 3, 3.0, 0, 0, 0, 0, 0),
(36, 'CPE411', 'PC Troubbleshooting & Repair', 2, 2, 1, 3.0, 3, 4.4, 0, 0, 0, 0, 0),
(37, 'CPE412', 'Avanced Logic Circuits', 3, 3, 1, 3.0, 4, 5.4, 0, 0, 0, 0, 0),
(38, 'CPE413', 'Control Systems	', 3, 3, 1, 3.0, 4, 5.4, 0, 0, 0, 0, 0),
(39, 'ECE411', 'Principles of Communication	', 3, 3, 0, 0.0, 3, 3.0, 0, 0, 0, 0, 0),
(40, 'ES411', 'Environmental Engineering	', 3, 3, 0, 0.0, 3, 3.0, 0, 0, 0, 0, 0),
(41, 'ES111', 'Safety Management for CE	', 3, 3, 0, 0.0, 3, 3.0, 0, 0, 0, 0, 0),
(42, 'ES413', 'Numerical Method (MATLAB)	', 3, 3, 1, 3.0, 4, 5.4, 0, 0, 0, 0, 0),
(43, 'CPE511', 'Design Project 1 (Methods of Research)	', 3, 3, 0, 0.0, 3, 3.0, 0, 0, 0, 0, 0),
(44, 'CPE512', 'Engineering Ethics & Computer Laws	', 2, 2, 0, 0.0, 2, 2.0, 0, 0, 0, 0, 0),
(45, 'CPE513', 'Computer Networks	', 3, 3, 1, 3.0, 4, 5.4, 0, 0, 0, 0, 0),
(46, 'CPE514', 'Object Oriented Programming	', 3, 3, 1, 3.0, 4, 5.4, 0, 0, 0, 0, 0),
(47, 'CPE515', 'Digital signal Processing	', 3, 3, 1, 3.0, 4, 5.4, 0, 0, 0, 0, 0),
(48, 'CPE516', 'Elective 2	', 3, 3, 1, 3.0, 4, 5.4, 0, 0, 0, 0, 0),
(49, 'CE411', 'Structural Theory 1	', 3, 3, 1, 3.0, 4, 5.4, 0, 0, 0, 0, 0),
(50, 'CE412', 'Mechanics of Fluids	', 3, 3, 0, 0.0, 3, 3.0, 0, 0, 0, 0, 0),
(51, 'CE413', 'Geotechnical Engineering 1 (soil mechanics)	', 3, 3, 1, 3.0, 4, 5.4, 0, 0, 0, 0, 0),
(52, 'CE414', 'Constructions Materials and Testing', 2, 2, 1, 3.0, 3, 4.4, 0, 0, 0, 0, 0),
(53, 'CE415', 'Methods of Research', 3, 3, 0, 0.0, 3, 3.0, 0, 0, 0, 0, 0),
(54, 'AA', 'aaaz', 1, 1, 1, 3.0, 2, 3.4, 0, 0, 0, 0, 0),
(55, 'CPE211', 'Computer Fundamentals and Programming', 0, 0, 2, 6.0, 2, 4.8, 0, 0, 0, 0, 0),
(56, 'CE511', 'Constructions Methods and Project Management	', 3, 3, 1, 3.0, 4, 5.4, 0, 0, 0, 0, 0),
(57, 'CE512', 'Reinforced Concrete - 2	', 3, 3, 0, 0.0, 3, 3.0, 0, 0, 0, 0, 0),
(58, 'CE513	', 'Geotechnical Engineering 2	', 3, 3, 1, 3.0, 4, 5.4, 0, 0, 0, 0, 0),
(59, 'CE514', 'Civil Engineering Project	', 1, 1, 2, 6.0, 3, 5.8, 0, 0, 0, 0, 0),
(60, 'CE515', 'steel Design', 3, 3, 1, 3.0, 4, 5.4, 0, 0, 0, 0, 0),
(61, 'CE516', 'Timber Design', 3, 3, 1, 3.0, 4, 5.4, 0, 0, 0, 0, 0),
(62, 'BES111', 'Civil Engineering Orientation', 2, 2, 0, 0.0, 2, 2.0, 0, 0, 0, 0, 0),
(63, 'BES213', 'Statics of Rigid Bodies', 3, 3, 0, 0.0, 3, 3.0, 0, 0, 0, 0, 0),
(64, 'CE211', 'Fundamentals of Surveying', 3, 3, 1, 3.0, 4, 5.4, 0, 0, 0, 0, 0),
(65, 'BES214', 'Engineering Management', 2, 2, 0, 0.0, 2, 2.0, 0, 0, 0, 0, 0),
(66, 'GE711', 'Cultures of Mindanao', 3, 3, 0, 0.0, 3, 3.0, 0, 0, 0, 0, 0),
(67, 'GE702', 'Purposive Communication', 3, 3, 0, 0.0, 3, 3.0, 0, 0, 0, 0, 0),
(68, 'CE311', 'Structural Theory', 3, 3, 1, 3.0, 4, 5.4, 0, 0, 0, 0, 0),
(69, 'CE312', 'Highway and Railroad Engg', 3, 3, 0, 0.0, 3, 3.0, 0, 0, 0, 0, 0),
(70, 'AC311', 'Engineering Utilities 1', 3, 3, 0, 0.0, 3, 3.0, 0, 0, 0, 0, 0),
(71, 'AC312', 'Engineering Utilities 2', 3, 3, 0, 0.0, 3, 3.0, 0, 0, 0, 0, 0),
(72, 'MATH203', 'Numerical Solutions to CE Problems', 2, 2, 1, 3.0, 3, 4.4, 0, 0, 0, 0, 0),
(73, 'GE703', 'Ethics', 3, 3, 0, 0.0, 3, 3.0, 0, 0, 0, 0, 0),
(74, 'GE712', 'Gender and Society', 3, 3, 0, 0.0, 3, 3.0, 0, 0, 0, 0, 0),
(75, 'CE313', 'Methods of Research', 3, 3, 0, 0.0, 3, 3.0, 0, 0, 0, 0, 0),
(76, 'BES111', 'Computer Programming', 0, 0, 2, 6.0, 2, 4.8, 0, 0, 0, 0, 0),
(77, 'CPE221', 'Numerical Methods', 3, 3, 0, 0.0, 3, 3.0, 0, 0, 0, 0, 0),
(78, 'CPE222', 'Software Design', 3, 3, 1, 3.0, 4, 5.4, 0, 0, 0, 0, 0),
(79, 'AC221', 'Fundamentals of Electronic Circuits', 3, 3, 1, 3.0, 4, 5.4, 0, 0, 0, 0, 0),
(80, 'PE104', 'Team Sports', 2, 2, 0, 0.0, 2, 2.0, 0, 0, 0, 0, 0),
(81, 'CPE321', 'Basic Occupational Health and Safety', 3, 3, 0, 0.0, 3, 3.0, 0, 0, 0, 0, 0),
(82, 'CPE322', 'Computer Networks and Security', 3, 3, 1, 3.0, 4, 5.4, 0, 0, 0, 0, 0),
(83, 'CPE323', 'Microprocessors', 3, 3, 1, 3.0, 4, 5.4, 0, 0, 0, 0, 0),
(84, 'CPE324', 'Methods of Research', 3, 3, 0, 0.0, 3, 3.0, 0, 0, 0, 0, 0),
(85, 'BES321', 'Technopreneurship 101', 3, 3, 0, 0.0, 3, 3.0, 0, 0, 0, 0, 0),
(86, 'CPE325', 'CpE Laws and Professional Practice', 2, 2, 0, 0.0, 2, 2.0, 0, 0, 0, 0, 0),
(87, 'CPEELEC321', 'Cognate / Elective Course 2**', 0, 0, 1, 3.0, 3, 2.4, 0, 0, 0, 0, 0),
(88, 'CPE421', 'CpE Practice and Design 2', 0, 0, 2, 6.0, 2, 4.8, 0, 0, 0, 0, 0),
(89, 'CPE422', 'Seminars and Educational Tour', 0, 0, 1, 3.0, 1, 2.4, 0, 0, 0, 0, 0),
(90, 'GE709', 'The Life and Works of Jose Rizal', 3, 3, 0, 0.0, 3, 3.0, 0, 0, 0, 0, 0),
(91, 'BES214', 'Engineering Managementxxxxxxxxxxxxxxx', 2, 2, 0, 0.0, 2, 2.0, 0, 0, 0, 0, 0),
(92, 'CPE423', 'On the Job Training', 3, 3, 0, 0.0, 3, 3.0, 0, 0, 0, 0, 0),
(93, 'CPE411', 'Embedded Systems', 3, 3, 1, 3.0, 4, 5.4, 0, 0, 0, 0, 0),
(94, 'CPE412', 'Computer Architecture and Organization', 3, 3, 1, 3.0, 4, 5.4, 0, 0, 0, 0, 0),
(95, 'CPE413', 'Emerging Technologies in CpE', 3, 3, 0, 0.0, 3, 3.0, 0, 0, 0, 0, 0),
(96, 'CPE414', 'CpE Practice and Design 1', 0, 0, 1, 3.0, 1, 2.4, 0, 0, 0, 0, 0),
(97, 'CPE415', 'Digital Signal Processing', 3, 3, 1, 3.0, 4, 5.4, 0, 0, 0, 0, 0),
(98, 'CPEELEC411', 'Cognate / Elective Course 3**', 0, 0, 1, 3.0, 3, 2.4, 0, 0, 0, 0, 0),
(99, 'GE715', 'Filipino sa ibat ibang Disiplina', 3, 3, 0, 0.0, 3, 3.0, 0, 0, 0, 0, 0),
(100, 'CPE122', 'Discrete Mathematics', 3, 3, 0, 0.0, 3, 3.0, 0, 0, 0, 0, 0),
(101, 'CPE422', 'Microprocessor Systems', 3, 3, 1, 3.0, 4, 5.4, 0, 0, 0, 0, 0),
(102, 'CPE425', 'Elective 1', 3, 3, 0, 0.0, 3, 3.0, 0, 0, 0, 0, 0),
(103, 'CPE423', 'Software Engineering', 3, 3, 0, 0.0, 3, 3.0, 0, 0, 0, 0, 0),
(104, 'CPE421', 'Operating Systems', 3, 3, 1, 3.0, 4, 5.4, 0, 0, 0, 0, 0),
(105, 'CPE424', 'Computer System Architecture', 3, 3, 1, 3.0, 4, 5.4, 0, 0, 0, 0, 0),
(106, 'CPE521', 'Design Project 2 (Project Implementation and Design)', 0, 0, 2, 6.0, 2, 4.8, 0, 0, 0, 0, 0),
(107, 'ES521', 'Entrepreneurship', 3, 3, 0, 0.0, 3, 3.0, 0, 0, 0, 0, 0),
(108, 'CPE523', 'Seminars and Field Trips', 0, 0, 1, 3.0, 1, 2.4, 0, 0, 0, 0, 0),
(109, 'CPE522', 'System Analysis and Design', 2, 2, 1, 3.0, 3, 4.4, 0, 0, 0, 0, 0),
(110, 'CPE524', 'Elective 3', 3, 3, 1, 3.0, 4, 5.4, 0, 0, 0, 0, 0),
(111, 'CPE525', 'Elective 4', 3, 3, 1, 3.0, 4, 5.4, 0, 0, 0, 0, 0),
(112, 'ECE421', 'Data Communication', 3, 3, 0, 0.0, 3, 3.0, 0, 0, 0, 0, 0),
(113, 'ECON311', 'Principle of Economics With Agrarian Reform, Taxation & Coop.', 3, 3, 0, 0.0, 3, 3.0, 0, 0, 0, 0, 0),
(114, 'CPE522xxxxxxxxxxxxx', 'System Analysis and Designxxxxxxxxxx', 2, 2, 1, 3.0, 3, 4.4, 0, 0, 0, 0, 0),
(115, 'CPE523xxxxxxxxxxxx', 'Seminars and Field Tripsxxxxxxxxxxxxxxxx', 0, 0, 1, 3.0, 1, 2.4, 0, 0, 0, 0, 0),
(116, 'BES121', 'Engineering Drawing and Plans', 0, 0, 1, 3.0, 1, 2.4, 0, 0, 0, 0, 0),
(117, 'BES122', 'Computer Fundamentals and Programming', 0, 0, 2, 6.0, 2, 4.8, 0, 0, 0, 0, 0),
(118, 'SCI221', 'Geology for Civil Engineers', 2, 2, 0, 0.0, 2, 2.0, 0, 0, 0, 0, 0),
(119, 'BES221', 'Dynamics of Rigid Bodies', 2, 2, 0, 0.0, 2, 2.0, 0, 0, 0, 0, 0),
(120, 'BES222', 'Mechanics of Deformable Bodies', 4, 4, 0, 0.0, 4, 4.0, 0, 0, 0, 0, 0),
(121, 'CE221', 'Construction Materials and Testing', 2, 2, 1, 3.0, 3, 4.4, 0, 0, 0, 0, 0),
(122, 'CE222', 'Building Systems Design', 2, 2, 1, 3.0, 3, 4.4, 0, 0, 0, 0, 0),
(123, 'CE321', 'Quantity Surveying', 1, 1, 1, 3.0, 2, 3.4, 0, 0, 0, 0, 0),
(124, 'CE322', 'Principles of Steel Design', 2, 2, 1, 3.0, 3, 4.4, 0, 0, 0, 0, 0),
(125, 'CE323', 'Principles of Reinforced Concrete', 3, 3, 1, 3.0, 4, 5.4, 0, 0, 0, 0, 0),
(126, 'CE324', 'Hydrology', 2, 2, 0, 0.0, 2, 2.0, 0, 0, 0, 0, 0),
(127, 'CE325', 'Hydraulics', 4, 4, 1, 3.0, 5, 6.4, 0, 0, 0, 0, 0),
(128, 'CEI321', 'Earthquake Engineering', 2, 2, 1, 3.0, 3, 4.4, 0, 0, 0, 0, 0),
(129, 'CE421', 'CE Project 2  /  Thesis 2', 1, 1, 1, 3.0, 2, 3.4, 0, 0, 0, 0, 0),
(130, 'CE422', 'CE Laws, Ethics, Contracts, Seminars and Educational Tours', 2, 2, 0, 0.0, 2, 2.0, 0, 0, 0, 0, 0),
(131, 'CEI421', 'Prestressed Concrete Design', 3, 3, 0, 0.0, 3, 3.0, 0, 0, 0, 0, 0),
(132, 'CEI422', 'Foundation Engineering', 3, 3, 0, 0.0, 3, 3.0, 0, 0, 0, 0, 0),
(133, 'CE423', 'Construction Methods and Project Management', 3, 3, 0, 0.0, 3, 3.0, 0, 0, 0, 0, 0),
(134, 'IS421', 'Enhancement Program  2', 3, 3, 0, 0.0, 3, 3.0, 0, 0, 0, 0, 0),
(135, 'OJT-331', 'On-the-Job Training', 2, 2, 1, 3.0, 3, 4.4, 0, 0, 0, 0, 0),
(136, 'CE421', 'Structural Theory 2', 3, 3, 1, 3.0, 4, 5.4, 0, 0, 0, 0, 0),
(137, 'CE422', 'Reinforced Concrete - 1', 3, 3, 1, 3.0, 4, 5.4, 0, 0, 0, 0, 0),
(138, 'CE423', 'Hydrology', 3, 3, 0, 0.0, 3, 3.0, 0, 0, 0, 0, 0),
(139, 'CE424', 'Hydraulics', 3, 3, 0, 0.0, 3, 3.0, 0, 0, 0, 0, 0),
(140, 'CE425', 'Water Supply and Sewerage', 3, 3, 0, 0.0, 3, 3.0, 0, 0, 0, 0, 0),
(141, 'CE426', 'Undergraduate Thesis', 3, 3, 0, 0.0, 3, 3.0, 0, 0, 0, 0, 0),
(142, 'CE521', 'Irrigation and Drainage Engineering', 3, 3, 0, 0.0, 3, 3.0, 0, 0, 0, 0, 0),
(143, 'CE522', 'Transportation Engineering', 3, 3, 0, 0.0, 3, 3.0, 0, 0, 0, 0, 0),
(144, 'CE523', 'CE Laws, Contracts, Specification and Ethics', 3, 3, 0, 0.0, 3, 3.0, 0, 0, 0, 0, 0),
(145, 'CE524', 'Elective 1', 3, 3, 0, 0.0, 3, 3.0, 0, 0, 0, 0, 0),
(146, 'CE525', 'Elective 2', 3, 3, 0, 0.0, 3, 3.0, 0, 0, 0, 0, 0),
(147, 'CE526', 'Elective 3', 3, 3, 0, 0.0, 3, 3.0, 0, 0, 0, 0, 0),
(148, 'CE527', 'Elective 4', 3, 3, 0, 0.0, 3, 3.0, 0, 0, 0, 0, 0),
(149, 'CE431', 'On the Job Training (OJT)', 3, 3, 0, 0.0, 3, 3.0, 0, 0, 0, 0, 0),
(150, 'ECE121', 'Circuits 1', 3, 3, 1, 3.0, 4, 5.4, 0, 0, 0, 0, 0),
(151, 'SCI122', 'Physics 2', 3, 3, 1, 3.0, 4, 5.4, 0, 0, 0, 0, 0),
(152, 'CE411', 'Geotechnical Engineering - 1 (Soil Mechanics)', 3, 3, 1, 3.0, 4, 5.4, 0, 0, 0, 0, 0),
(153, 'CE412', 'Principles of Transportation Engineering', 3, 3, 0, 0.0, 3, 3.0, 0, 0, 0, 0, 0),
(154, 'CE413', 'CE Project 1 / Thesis 1', 1, 1, 1, 3.0, 2, 3.4, 0, 0, 0, 0, 0),
(155, 'CEI411', 'Design of Steel Structures', 2, 2, 1, 3.0, 3, 4.4, 0, 0, 0, 0, 0),
(156, 'CEI412', 'Reinforced Concrete Design', 3, 3, 0, 0.0, 3, 3.0, 0, 0, 0, 0, 0),
(157, 'ENE111xxx', 'Environmental Science and Engineering', 3, 3, 0, 0.0, 3, 3.0, 0, 0, 0, 0, 0),
(158, 'IS412', 'Enhancement Program  1', 3, 3, 0, 0.0, 3, 3.0, 0, 0, 0, 0, 0);

-- --------------------------------------------------------

--
-- Table structure for table `temp_loadchedules`
--

CREATE TABLE `temp_loadchedules` (
  `loadsection` varchar(20) NOT NULL,
  `emplname` varchar(50) NOT NULL,
  `subcode` varchar(20) NOT NULL
) ENGINE=InnoDB DEFAULT CHARSET=latin1 COLLATE=latin1_swedish_ci;

--
-- Dumping data for table `temp_loadchedules`
--

INSERT INTO `temp_loadchedules` (`loadsection`, `emplname`, `subcode`) VALUES
('1B', 'SOLOMON', 'MATH011'),
('1A', 'BARAQUIA', 'BES111'),
('4A', 'SARAñA', 'CE413'),
('5A', 'LAGUMEN', 'CE512'),
('2A', 'SUBILLAGA', 'GE702'),
('2B', 'QUILLA', 'GE711');

-- --------------------------------------------------------

--
-- Table structure for table `timeblocks`
--

CREATE TABLE `timeblocks` (
  `tbid` int(11) NOT NULL,
  `tbcat` int(11) NOT NULL,
  `tbsequence` int(2) NOT NULL,
  `tbday` varchar(10) NOT NULL,
  `tbtime` varchar(20) NOT NULL,
  `tbstart` varchar(4) NOT NULL,
  `tbend` varchar(4) NOT NULL
) ENGINE=InnoDB DEFAULT CHARSET=latin1 COLLATE=latin1_swedish_ci;

--
-- Dumping data for table `timeblocks`
--

INSERT INTO `timeblocks` (`tbid`, `tbcat`, `tbsequence`, `tbday`, `tbtime`, `tbstart`, `tbend`) VALUES
(1, 1, 1, 'MWF', '8:00-9:00', '0800', '0900'),
(2, 1, 2, 'MWF', '9:00-10:00', '0900', '1000'),
(3, 1, 3, 'MWF', '10:00-11:00', '1000', '1100'),
(4, 1, 4, 'MWF', '11:00-12:00', '1100', '1200'),
(5, 1, 5, 'MWF', '1:00-2:00', '0100', '0200'),
(6, 1, 6, 'MWF', '2:00-3:00', '0200', '0300'),
(7, 1, 7, 'MF', '3:00-4:30', '0300', '0430'),
(8, 1, 8, 'MF', '4:30-6:00', '0430', '0600'),
(9, 1, 9, 'TTh', '7:30-9:00', '0730', '0900'),
(10, 1, 10, 'TTh', '9:00-10:30', '0900', '1030'),
(11, 1, 11, 'TTh', '10:30-12:00', '1030', '1200'),
(12, 1, 12, 'TTh', '1:00-2:30', '0100', '0230'),
(13, 1, 13, 'TTh', '2:30-4:00', '0230', '0400'),
(14, 1, 14, 'TTh', '4:00-5:30', '0400', '0530');

-- --------------------------------------------------------

--
-- Table structure for table `useraccess`
--

CREATE TABLE `useraccess` (
  `accessid` int(11) NOT NULL,
  `modid` int(11) NOT NULL,
  `desigid` int(11) NOT NULL,
  `accessvalue` int(1) NOT NULL,
  `access1` int(11) NOT NULL DEFAULT 0,
  `access2` int(11) NOT NULL DEFAULT 0,
  `access3` int(11) NOT NULL DEFAULT 0,
  `access4` int(11) NOT NULL DEFAULT 0,
  `accessvoid` int(11) NOT NULL DEFAULT 0
) ENGINE=InnoDB DEFAULT CHARSET=latin1 COLLATE=latin1_swedish_ci;

-- --------------------------------------------------------

--
-- Table structure for table `users`
--

CREATE TABLE `users` (
  `userid` int(11) NOT NULL,
  `empid` int(11) NOT NULL,
  `campid` int(11) NOT NULL,
  `collid` int(11) NOT NULL,
  `username` varchar(30) NOT NULL,
  `password` varchar(30) NOT NULL,
  `user1` int(11) NOT NULL,
  `user2` int(11) NOT NULL,
  `user3` int(11) NOT NULL,
  `user4` int(11) NOT NULL,
  `uservoid` int(1) NOT NULL
) ENGINE=InnoDB DEFAULT CHARSET=latin1 COLLATE=latin1_swedish_ci;

--
-- Dumping data for table `users`
--

INSERT INTO `users` (`userid`, `empid`, `campid`, `collid`, `username`, `password`, `user1`, `user2`, `user3`, `user4`, `uservoid`) VALUES
(1, 2, 1, 1, 'catz', 'catz', 0, 0, 0, 0, 0);

-- --------------------------------------------------------

--
-- Table structure for table `workloads`
--

CREATE TABLE `workloads` (
  `workid` int(11) NOT NULL,
  `campid` int(11) NOT NULL,
  `collid` int(11) NOT NULL,
  `periodid` int(11) NOT NULL,
  `workcomment` varchar(100) NOT NULL,
  `workcurrent` int(11) NOT NULL,
  `workvoid` int(1) NOT NULL DEFAULT 0
) ENGINE=InnoDB DEFAULT CHARSET=latin1 COLLATE=latin1_swedish_ci;

--
-- Dumping data for table `workloads`
--

INSERT INTO `workloads` (`workid`, `campid`, `collid`, `periodid`, `workcomment`, `workcurrent`, `workvoid`) VALUES
(1, 1, 1, 2, 'asdasd', 0, 0),
(2, 1, 1, 2, 'asd', 0, 0),
(3, 1, 1, 5, 'asdasdasd', 0, 1),
(4, 1, 1, 5, 'adsaddd', 0, 0),
(5, 1, 1, 16, 'v1', 0, 0),
(6, 1, 1, 17, 'v1', 1, 0),
(7, 1, 1, 18, 'V1', 0, 0);

-- --------------------------------------------------------

--
-- Structure for view `scheds`
--
DROP TABLE IF EXISTS `scheds`;

CREATE ALGORITHM=UNDEFINED DEFINER=`root`@`localhost` SQL SECURITY DEFINER VIEW `scheds`  AS SELECT `employees`.`emplname` AS `emplname`, `programs`.`progcode` AS `progcode`, `subjects`.`subcode` AS `subcode`, `facultyloads`.`loadsection` AS `loadsection` FROM (((((`loadschedules` join `facultyloads` on(`loadschedules`.`loadid` = `facultyloads`.`loadid`)) join `employees` on(`facultyloads`.`empid` = `employees`.`empid`)) join `prospectus` on(`facultyloads`.`prosid` = `prospectus`.`prosid`)) join `subjects` on(`prospectus`.`subid` = `subjects`.`subid`)) join `programs` on(`programs`.`progid` = `prospectus`.`progid`)) WHERE `loadschedules`.`schedstart` = '0900' AND `loadschedules`.`schedday` = 'MWF' AND `facultyloads`.`workid` = 5 AND `programs`.`progcode` = 'BSCE' ;

--
-- Indexes for dumped tables
--

--
-- Indexes for table `campuses`
--
ALTER TABLE `campuses`
  ADD PRIMARY KEY (`campid`);

--
-- Indexes for table `classrooms`
--
ALTER TABLE `classrooms`
  ADD PRIMARY KEY (`roomid`);

--
-- Indexes for table `colleges`
--
ALTER TABLE `colleges`
  ADD PRIMARY KEY (`collid`);

--
-- Indexes for table `curriculums`
--
ALTER TABLE `curriculums`
  ADD PRIMARY KEY (`curid`);

--
-- Indexes for table `designations`
--
ALTER TABLE `designations`
  ADD PRIMARY KEY (`desigid`);

--
-- Indexes for table `employees`
--
ALTER TABLE `employees`
  ADD PRIMARY KEY (`empid`);

--
-- Indexes for table `employees2`
--
ALTER TABLE `employees2`
  ADD PRIMARY KEY (`empid`);

--
-- Indexes for table `employee_campus`
--
ALTER TABLE `employee_campus`
  ADD PRIMARY KEY (`empcampid`);

--
-- Indexes for table `employee_education`
--
ALTER TABLE `employee_education`
  ADD PRIMARY KEY (`emp_edu_id`);

--
-- Indexes for table `facultyloads`
--
ALTER TABLE `facultyloads`
  ADD PRIMARY KEY (`loadid`);

--
-- Indexes for table `invcategory`
--
ALTER TABLE `invcategory`
  ADD PRIMARY KEY (`invcatid`);

--
-- Indexes for table `invdescriptions`
--
ALTER TABLE `invdescriptions`
  ADD PRIMARY KEY (`invdescid`);

--
-- Indexes for table `invitems`
--
ALTER TABLE `invitems`
  ADD PRIMARY KEY (`invitemid`);

--
-- Indexes for table `loadschedules`
--
ALTER TABLE `loadschedules`
  ADD PRIMARY KEY (`schedid`);

--
-- Indexes for table `loadsections`
--
ALTER TABLE `loadsections`
  ADD PRIMARY KEY (`lsid`);

--
-- Indexes for table `modules`
--
ALTER TABLE `modules`
  ADD PRIMARY KEY (`modid`);

--
-- Indexes for table `periods`
--
ALTER TABLE `periods`
  ADD PRIMARY KEY (`periodid`);

--
-- Indexes for table `prerequisites`
--
ALTER TABLE `prerequisites`
  ADD PRIMARY KEY (`prereqid`);

--
-- Indexes for table `programs`
--
ALTER TABLE `programs`
  ADD PRIMARY KEY (`progid`);

--
-- Indexes for table `prospectus`
--
ALTER TABLE `prospectus`
  ADD PRIMARY KEY (`prosid`);

--
-- Indexes for table `subjects`
--
ALTER TABLE `subjects`
  ADD PRIMARY KEY (`subid`);

--
-- Indexes for table `timeblocks`
--
ALTER TABLE `timeblocks`
  ADD PRIMARY KEY (`tbid`);

--
-- Indexes for table `useraccess`
--
ALTER TABLE `useraccess`
  ADD PRIMARY KEY (`accessid`);

--
-- Indexes for table `users`
--
ALTER TABLE `users`
  ADD PRIMARY KEY (`userid`);

--
-- Indexes for table `workloads`
--
ALTER TABLE `workloads`
  ADD PRIMARY KEY (`workid`);

--
-- AUTO_INCREMENT for dumped tables
--

--
-- AUTO_INCREMENT for table `campuses`
--
ALTER TABLE `campuses`
  MODIFY `campid` int(11) NOT NULL AUTO_INCREMENT, AUTO_INCREMENT=11;

--
-- AUTO_INCREMENT for table `classrooms`
--
ALTER TABLE `classrooms`
  MODIFY `roomid` int(11) NOT NULL AUTO_INCREMENT, AUTO_INCREMENT=28;

--
-- AUTO_INCREMENT for table `colleges`
--
ALTER TABLE `colleges`
  MODIFY `collid` int(11) NOT NULL AUTO_INCREMENT, AUTO_INCREMENT=10;

--
-- AUTO_INCREMENT for table `curriculums`
--
ALTER TABLE `curriculums`
  MODIFY `curid` int(11) NOT NULL AUTO_INCREMENT;

--
-- AUTO_INCREMENT for table `designations`
--
ALTER TABLE `designations`
  MODIFY `desigid` int(11) NOT NULL AUTO_INCREMENT, AUTO_INCREMENT=9;

--
-- AUTO_INCREMENT for table `employees`
--
ALTER TABLE `employees`
  MODIFY `empid` int(11) NOT NULL AUTO_INCREMENT, AUTO_INCREMENT=40;

--
-- AUTO_INCREMENT for table `employees2`
--
ALTER TABLE `employees2`
  MODIFY `empid` int(11) NOT NULL AUTO_INCREMENT, AUTO_INCREMENT=40;

--
-- AUTO_INCREMENT for table `employee_campus`
--
ALTER TABLE `employee_campus`
  MODIFY `empcampid` int(11) NOT NULL AUTO_INCREMENT, AUTO_INCREMENT=40;

--
-- AUTO_INCREMENT for table `employee_education`
--
ALTER TABLE `employee_education`
  MODIFY `emp_edu_id` int(11) NOT NULL AUTO_INCREMENT, AUTO_INCREMENT=5;

--
-- AUTO_INCREMENT for table `facultyloads`
--
ALTER TABLE `facultyloads`
  MODIFY `loadid` int(11) NOT NULL AUTO_INCREMENT, AUTO_INCREMENT=467;

--
-- AUTO_INCREMENT for table `invcategory`
--
ALTER TABLE `invcategory`
  MODIFY `invcatid` int(11) NOT NULL AUTO_INCREMENT;

--
-- AUTO_INCREMENT for table `invdescriptions`
--
ALTER TABLE `invdescriptions`
  MODIFY `invdescid` int(11) NOT NULL AUTO_INCREMENT;

--
-- AUTO_INCREMENT for table `invitems`
--
ALTER TABLE `invitems`
  MODIFY `invitemid` int(11) NOT NULL AUTO_INCREMENT;

--
-- AUTO_INCREMENT for table `loadschedules`
--
ALTER TABLE `loadschedules`
  MODIFY `schedid` int(11) NOT NULL AUTO_INCREMENT, AUTO_INCREMENT=293;

--
-- AUTO_INCREMENT for table `loadsections`
--
ALTER TABLE `loadsections`
  MODIFY `lsid` int(11) NOT NULL AUTO_INCREMENT, AUTO_INCREMENT=2;

--
-- AUTO_INCREMENT for table `modules`
--
ALTER TABLE `modules`
  MODIFY `modid` int(11) NOT NULL AUTO_INCREMENT;

--
-- AUTO_INCREMENT for table `periods`
--
ALTER TABLE `periods`
  MODIFY `periodid` int(11) NOT NULL AUTO_INCREMENT, AUTO_INCREMENT=19;

--
-- AUTO_INCREMENT for table `prerequisites`
--
ALTER TABLE `prerequisites`
  MODIFY `prereqid` int(11) NOT NULL AUTO_INCREMENT;

--
-- AUTO_INCREMENT for table `programs`
--
ALTER TABLE `programs`
  MODIFY `progid` int(11) NOT NULL AUTO_INCREMENT, AUTO_INCREMENT=12;

--
-- AUTO_INCREMENT for table `prospectus`
--
ALTER TABLE `prospectus`
  MODIFY `prosid` int(11) NOT NULL AUTO_INCREMENT, AUTO_INCREMENT=200;

--
-- AUTO_INCREMENT for table `subjects`
--
ALTER TABLE `subjects`
  MODIFY `subid` int(11) NOT NULL AUTO_INCREMENT, AUTO_INCREMENT=159;

--
-- AUTO_INCREMENT for table `timeblocks`
--
ALTER TABLE `timeblocks`
  MODIFY `tbid` int(11) NOT NULL AUTO_INCREMENT, AUTO_INCREMENT=15;

--
-- AUTO_INCREMENT for table `useraccess`
--
ALTER TABLE `useraccess`
  MODIFY `accessid` int(11) NOT NULL AUTO_INCREMENT;

--
-- AUTO_INCREMENT for table `users`
--
ALTER TABLE `users`
  MODIFY `userid` int(11) NOT NULL AUTO_INCREMENT, AUTO_INCREMENT=2;

--
-- AUTO_INCREMENT for table `workloads`
--
ALTER TABLE `workloads`
  MODIFY `workid` int(11) NOT NULL AUTO_INCREMENT, AUTO_INCREMENT=8;
COMMIT;

/*!40101 SET CHARACTER_SET_CLIENT=@OLD_CHARACTER_SET_CLIENT */;
/*!40101 SET CHARACTER_SET_RESULTS=@OLD_CHARACTER_SET_RESULTS */;
/*!40101 SET COLLATION_CONNECTION=@OLD_COLLATION_CONNECTION */;
